-- MySQL dump 10.13  Distrib 8.0.25, for Win64 (x86_64)
--
-- Host: localhost    Database: mysite_db
-- ------------------------------------------------------
-- Server version	8.0.25

/*!40101 SET @OLD_CHARACTER_SET_CLIENT=@@CHARACTER_SET_CLIENT */;
/*!40101 SET @OLD_CHARACTER_SET_RESULTS=@@CHARACTER_SET_RESULTS */;
/*!40101 SET @OLD_COLLATION_CONNECTION=@@COLLATION_CONNECTION */;
/*!50503 SET NAMES utf8mb4 */;
/*!40103 SET @OLD_TIME_ZONE=@@TIME_ZONE */;
/*!40103 SET TIME_ZONE='+00:00' */;
/*!40014 SET @OLD_UNIQUE_CHECKS=@@UNIQUE_CHECKS, UNIQUE_CHECKS=0 */;
/*!40014 SET @OLD_FOREIGN_KEY_CHECKS=@@FOREIGN_KEY_CHECKS, FOREIGN_KEY_CHECKS=0 */;
/*!40101 SET @OLD_SQL_MODE=@@SQL_MODE, SQL_MODE='NO_AUTO_VALUE_ON_ZERO' */;
/*!40111 SET @OLD_SQL_NOTES=@@SQL_NOTES, SQL_NOTES=0 */;

--
-- Table structure for table `auth_group`
--

DROP TABLE IF EXISTS `auth_group`;
/*!40101 SET @saved_cs_client     = @@character_set_client */;
/*!50503 SET character_set_client = utf8mb4 */;
CREATE TABLE `auth_group` (
  `id` int NOT NULL AUTO_INCREMENT,
  `name` varchar(80) COLLATE utf8mb4_unicode_ci NOT NULL,
  PRIMARY KEY (`id`),
  UNIQUE KEY `name` (`name`)
) ENGINE=InnoDB DEFAULT CHARSET=utf8mb4 COLLATE=utf8mb4_unicode_ci;
/*!40101 SET character_set_client = @saved_cs_client */;

--
-- Dumping data for table `auth_group`
--

LOCK TABLES `auth_group` WRITE;
/*!40000 ALTER TABLE `auth_group` DISABLE KEYS */;
/*!40000 ALTER TABLE `auth_group` ENABLE KEYS */;
UNLOCK TABLES;

--
-- Table structure for table `auth_group_permissions`
--

DROP TABLE IF EXISTS `auth_group_permissions`;
/*!40101 SET @saved_cs_client     = @@character_set_client */;
/*!50503 SET character_set_client = utf8mb4 */;
CREATE TABLE `auth_group_permissions` (
  `id` int NOT NULL AUTO_INCREMENT,
  `group_id` int NOT NULL,
  `permission_id` int NOT NULL,
  PRIMARY KEY (`id`),
  UNIQUE KEY `auth_group_permissions_group_id_permission_id_0cd325b0_uniq` (`group_id`,`permission_id`),
  KEY `auth_group_permissio_permission_id_84c5c92e_fk_auth_perm` (`permission_id`),
  CONSTRAINT `auth_group_permissio_permission_id_84c5c92e_fk_auth_perm` FOREIGN KEY (`permission_id`) REFERENCES `auth_permission` (`id`),
  CONSTRAINT `auth_group_permissions_group_id_b120cbf9_fk_auth_group_id` FOREIGN KEY (`group_id`) REFERENCES `auth_group` (`id`)
) ENGINE=InnoDB DEFAULT CHARSET=utf8mb4 COLLATE=utf8mb4_unicode_ci;
/*!40101 SET character_set_client = @saved_cs_client */;

--
-- Dumping data for table `auth_group_permissions`
--

LOCK TABLES `auth_group_permissions` WRITE;
/*!40000 ALTER TABLE `auth_group_permissions` DISABLE KEYS */;
/*!40000 ALTER TABLE `auth_group_permissions` ENABLE KEYS */;
UNLOCK TABLES;

--
-- Table structure for table `auth_permission`
--

DROP TABLE IF EXISTS `auth_permission`;
/*!40101 SET @saved_cs_client     = @@character_set_client */;
/*!50503 SET character_set_client = utf8mb4 */;
CREATE TABLE `auth_permission` (
  `id` int NOT NULL AUTO_INCREMENT,
  `name` varchar(255) COLLATE utf8mb4_unicode_ci NOT NULL,
  `content_type_id` int NOT NULL,
  `codename` varchar(100) COLLATE utf8mb4_unicode_ci NOT NULL,
  PRIMARY KEY (`id`),
  UNIQUE KEY `auth_permission_content_type_id_codename_01ab375a_uniq` (`content_type_id`,`codename`),
  CONSTRAINT `auth_permission_content_type_id_2f476e4b_fk_django_co` FOREIGN KEY (`content_type_id`) REFERENCES `django_content_type` (`id`)
) ENGINE=InnoDB AUTO_INCREMENT=61 DEFAULT CHARSET=utf8mb4 COLLATE=utf8mb4_unicode_ci;
/*!40101 SET character_set_client = @saved_cs_client */;

--
-- Dumping data for table `auth_permission`
--

LOCK TABLES `auth_permission` WRITE;
/*!40000 ALTER TABLE `auth_permission` DISABLE KEYS */;
INSERT INTO `auth_permission` VALUES (1,'Can add log entry',1,'add_logentry'),(2,'Can change log entry',1,'change_logentry'),(3,'Can delete log entry',1,'delete_logentry'),(4,'Can view log entry',1,'view_logentry'),(5,'Can add permission',2,'add_permission'),(6,'Can change permission',2,'change_permission'),(7,'Can delete permission',2,'delete_permission'),(8,'Can view permission',2,'view_permission'),(9,'Can add group',3,'add_group'),(10,'Can change group',3,'change_group'),(11,'Can delete group',3,'delete_group'),(12,'Can view group',3,'view_group'),(13,'Can add user',4,'add_user'),(14,'Can change user',4,'change_user'),(15,'Can delete user',4,'delete_user'),(16,'Can view user',4,'view_user'),(17,'Can add content type',5,'add_contenttype'),(18,'Can change content type',5,'change_contenttype'),(19,'Can delete content type',5,'delete_contenttype'),(20,'Can view content type',5,'view_contenttype'),(21,'Can add session',6,'add_session'),(22,'Can change session',6,'change_session'),(23,'Can delete session',6,'delete_session'),(24,'Can view session',6,'view_session'),(25,'Can add blog',7,'add_blog'),(26,'Can change blog',7,'change_blog'),(27,'Can delete blog',7,'delete_blog'),(28,'Can view blog',7,'view_blog'),(29,'Can add blog type',8,'add_blogtype'),(30,'Can change blog type',8,'change_blogtype'),(31,'Can delete blog type',8,'delete_blogtype'),(32,'Can view blog type',8,'view_blogtype'),(33,'Can add read num',9,'add_readnum'),(34,'Can change read num',9,'change_readnum'),(35,'Can delete read num',9,'delete_readnum'),(36,'Can view read num',9,'view_readnum'),(37,'Can add read num',10,'add_readnum'),(38,'Can change read num',10,'change_readnum'),(39,'Can delete read num',10,'delete_readnum'),(40,'Can view read num',10,'view_readnum'),(41,'Can add read detail',11,'add_readdetail'),(42,'Can change read detail',11,'change_readdetail'),(43,'Can delete read detail',11,'delete_readdetail'),(44,'Can view read detail',11,'view_readdetail'),(45,'Can add comment',12,'add_comment'),(46,'Can change comment',12,'change_comment'),(47,'Can delete comment',12,'delete_comment'),(48,'Can view comment',12,'view_comment'),(49,'Can add like count',13,'add_likecount'),(50,'Can change like count',13,'change_likecount'),(51,'Can delete like count',13,'delete_likecount'),(52,'Can view like count',13,'view_likecount'),(53,'Can add like record',14,'add_likerecord'),(54,'Can change like record',14,'change_likerecord'),(55,'Can delete like record',14,'delete_likerecord'),(56,'Can view like record',14,'view_likerecord'),(57,'Can add profile',15,'add_profile'),(58,'Can change profile',15,'change_profile'),(59,'Can delete profile',15,'delete_profile'),(60,'Can view profile',15,'view_profile');
/*!40000 ALTER TABLE `auth_permission` ENABLE KEYS */;
UNLOCK TABLES;

--
-- Table structure for table `auth_user`
--

DROP TABLE IF EXISTS `auth_user`;
/*!40101 SET @saved_cs_client     = @@character_set_client */;
/*!50503 SET character_set_client = utf8mb4 */;
CREATE TABLE `auth_user` (
  `id` int NOT NULL AUTO_INCREMENT,
  `password` varchar(128) COLLATE utf8mb4_unicode_ci NOT NULL,
  `last_login` datetime(6) DEFAULT NULL,
  `is_superuser` tinyint(1) NOT NULL,
  `username` varchar(150) COLLATE utf8mb4_unicode_ci NOT NULL,
  `first_name` varchar(30) COLLATE utf8mb4_unicode_ci NOT NULL,
  `last_name` varchar(150) COLLATE utf8mb4_unicode_ci NOT NULL,
  `email` varchar(254) COLLATE utf8mb4_unicode_ci NOT NULL,
  `is_staff` tinyint(1) NOT NULL,
  `is_active` tinyint(1) NOT NULL,
  `date_joined` datetime(6) NOT NULL,
  PRIMARY KEY (`id`),
  UNIQUE KEY `username` (`username`)
) ENGINE=InnoDB AUTO_INCREMENT=3 DEFAULT CHARSET=utf8mb4 COLLATE=utf8mb4_unicode_ci;
/*!40101 SET character_set_client = @saved_cs_client */;

--
-- Dumping data for table `auth_user`
--

LOCK TABLES `auth_user` WRITE;
/*!40000 ALTER TABLE `auth_user` DISABLE KEYS */;
INSERT INTO `auth_user` VALUES (1,'pbkdf2_sha256$120000$m91a2W4zmpZJ$uyT5D5eBdtn0m2OPiTv1Eaq4v4gwyS3+cgCdNfBICyg=','2021-05-26 07:39:45.862075',1,'lxl','','','2972352405@qq.com',1,1,'2020-12-10 05:09:10.900000'),(2,'pbkdf2_sha256$120000$7dDj1uK5ZIwV$gbH9KJzyNnXtAI/JY7Dd9ZFSxQ7alV2K5YuLzOReods=','2021-05-19 08:53:38.411000',0,'lxl1','','','1@qq.com',0,1,'2021-04-14 02:06:17.172000');
/*!40000 ALTER TABLE `auth_user` ENABLE KEYS */;
UNLOCK TABLES;

--
-- Table structure for table `auth_user_groups`
--

DROP TABLE IF EXISTS `auth_user_groups`;
/*!40101 SET @saved_cs_client     = @@character_set_client */;
/*!50503 SET character_set_client = utf8mb4 */;
CREATE TABLE `auth_user_groups` (
  `id` int NOT NULL AUTO_INCREMENT,
  `user_id` int NOT NULL,
  `group_id` int NOT NULL,
  PRIMARY KEY (`id`),
  UNIQUE KEY `auth_user_groups_user_id_group_id_94350c0c_uniq` (`user_id`,`group_id`),
  KEY `auth_user_groups_group_id_97559544_fk_auth_group_id` (`group_id`),
  CONSTRAINT `auth_user_groups_group_id_97559544_fk_auth_group_id` FOREIGN KEY (`group_id`) REFERENCES `auth_group` (`id`),
  CONSTRAINT `auth_user_groups_user_id_6a12ed8b_fk_auth_user_id` FOREIGN KEY (`user_id`) REFERENCES `auth_user` (`id`)
) ENGINE=InnoDB DEFAULT CHARSET=utf8mb4 COLLATE=utf8mb4_unicode_ci;
/*!40101 SET character_set_client = @saved_cs_client */;

--
-- Dumping data for table `auth_user_groups`
--

LOCK TABLES `auth_user_groups` WRITE;
/*!40000 ALTER TABLE `auth_user_groups` DISABLE KEYS */;
/*!40000 ALTER TABLE `auth_user_groups` ENABLE KEYS */;
UNLOCK TABLES;

--
-- Table structure for table `auth_user_user_permissions`
--

DROP TABLE IF EXISTS `auth_user_user_permissions`;
/*!40101 SET @saved_cs_client     = @@character_set_client */;
/*!50503 SET character_set_client = utf8mb4 */;
CREATE TABLE `auth_user_user_permissions` (
  `id` int NOT NULL AUTO_INCREMENT,
  `user_id` int NOT NULL,
  `permission_id` int NOT NULL,
  PRIMARY KEY (`id`),
  UNIQUE KEY `auth_user_user_permissions_user_id_permission_id_14a6b632_uniq` (`user_id`,`permission_id`),
  KEY `auth_user_user_permi_permission_id_1fbb5f2c_fk_auth_perm` (`permission_id`),
  CONSTRAINT `auth_user_user_permi_permission_id_1fbb5f2c_fk_auth_perm` FOREIGN KEY (`permission_id`) REFERENCES `auth_permission` (`id`),
  CONSTRAINT `auth_user_user_permissions_user_id_a95ead1b_fk_auth_user_id` FOREIGN KEY (`user_id`) REFERENCES `auth_user` (`id`)
) ENGINE=InnoDB DEFAULT CHARSET=utf8mb4 COLLATE=utf8mb4_unicode_ci;
/*!40101 SET character_set_client = @saved_cs_client */;

--
-- Dumping data for table `auth_user_user_permissions`
--

LOCK TABLES `auth_user_user_permissions` WRITE;
/*!40000 ALTER TABLE `auth_user_user_permissions` DISABLE KEYS */;
/*!40000 ALTER TABLE `auth_user_user_permissions` ENABLE KEYS */;
UNLOCK TABLES;

--
-- Table structure for table `blogs_blog`
--

DROP TABLE IF EXISTS `blogs_blog`;
/*!40101 SET @saved_cs_client     = @@character_set_client */;
/*!50503 SET character_set_client = utf8mb4 */;
CREATE TABLE `blogs_blog` (
  `id` int NOT NULL AUTO_INCREMENT,
  `title` varchar(50) COLLATE utf8mb4_unicode_ci NOT NULL,
  `created_time` datetime(6) NOT NULL,
  `last_updated_time` datetime(6) NOT NULL,
  `author_id` int NOT NULL,
  `blog_type_id` int NOT NULL,
  `content` longtext COLLATE utf8mb4_unicode_ci NOT NULL,
  PRIMARY KEY (`id`),
  KEY `blogs_blog_author_id_fb67c004_fk_auth_user_id` (`author_id`),
  KEY `blogs_blog_blog_type_id_28bab057_fk_blogs_blogtype_id` (`blog_type_id`),
  CONSTRAINT `blogs_blog_author_id_fb67c004_fk_auth_user_id` FOREIGN KEY (`author_id`) REFERENCES `auth_user` (`id`),
  CONSTRAINT `blogs_blog_blog_type_id_28bab057_fk_blogs_blogtype_id` FOREIGN KEY (`blog_type_id`) REFERENCES `blogs_blogtype` (`id`)
) ENGINE=InnoDB AUTO_INCREMENT=38 DEFAULT CHARSET=utf8mb4 COLLATE=utf8mb4_unicode_ci;
/*!40101 SET character_set_client = @saved_cs_client */;

--
-- Dumping data for table `blogs_blog`
--

LOCK TABLES `blogs_blog` WRITE;
/*!40000 ALTER TABLE `blogs_blog` DISABLE KEYS */;
INSERT INTO `blogs_blog` VALUES (1,'第一个django','2020-12-10 05:21:58.168000','2020-12-10 05:21:58.168000',1,1,'1'),(2,'第一个随笔','2020-12-10 05:22:57.068000','2020-12-10 13:03:53.648000',1,2,'1'),(3,'第一个感悟','2020-12-10 05:23:42.340000','2020-12-10 05:23:42.340000',1,3,'1'),(4,'测试','2020-12-10 12:24:29.463000','2020-12-10 12:24:29.463000',1,2,'1'),(5,'第一篇shell博客','2020-12-27 03:01:24.687000','2020-12-27 03:01:24.687000',1,1,'1'),(6,'for 0','2020-12-27 03:05:44.941000','2020-12-27 03:05:44.941000',1,1,'1'),(7,'for 1','2020-12-27 03:05:44.945000','2020-12-27 03:05:44.945000',1,1,'1'),(8,'for 2','2020-12-27 03:05:44.947000','2020-12-27 03:05:44.947000',1,1,'1'),(9,'for 3','2020-12-27 03:05:44.951000','2020-12-27 03:05:44.951000',1,1,'1'),(10,'for 4','2020-12-27 03:05:44.954000','2020-12-27 03:05:44.954000',1,1,'1'),(11,'for 5','2020-12-27 03:05:44.957000','2020-12-27 03:05:44.957000',1,1,'1'),(12,'for 6','2020-12-27 03:05:44.960000','2020-12-27 03:05:44.960000',1,1,'1'),(13,'for 7','2020-12-27 03:05:44.963000','2020-12-27 03:05:44.963000',1,1,'1'),(14,'for 8','2020-12-27 03:05:44.966000','2020-12-27 03:05:44.966000',1,1,'1'),(15,'for 9','2020-12-27 03:05:44.969000','2020-12-27 03:05:44.969000',1,1,'1'),(16,'for 10','2020-12-27 03:05:44.972000','2020-12-27 03:05:44.972000',1,1,'1'),(17,'for 11','2020-12-27 03:05:44.974000','2020-12-27 03:05:44.974000',1,1,'1'),(18,'for 12','2020-12-27 03:05:44.977000','2020-12-27 03:05:44.977000',1,1,'1'),(19,'for 13','2020-12-27 03:05:44.980000','2020-12-27 03:05:44.980000',1,1,'1'),(20,'for 14','2020-12-27 03:05:44.982000','2020-12-27 03:05:44.982000',1,1,'1'),(21,'for 15','2020-12-27 03:05:44.985000','2020-12-27 03:05:44.985000',1,1,'1'),(22,'for 16','2020-12-27 03:05:44.988000','2020-12-27 03:05:44.988000',1,1,'1'),(23,'for 17','2020-12-27 03:05:44.991000','2020-12-27 03:05:44.991000',1,1,'1'),(24,'for 18','2020-12-27 03:05:44.995000','2020-12-27 03:05:44.995000',1,1,'1'),(25,'for 19','2020-12-27 03:05:44.999000','2020-12-27 03:05:44.999000',1,1,'1'),(26,'for 20','2020-12-27 03:05:45.001000','2020-12-27 03:05:45.001000',1,1,'1'),(27,'for 21','2020-12-27 03:05:45.005000','2020-12-27 03:05:45.005000',1,1,'1'),(28,'for 22','2020-12-27 03:05:45.008000','2020-12-27 03:05:45.008000',1,1,'1'),(29,'for 23','2020-12-27 03:05:45.010000','2020-12-27 03:05:45.010000',1,1,'1'),(30,'for 24','2020-12-27 03:05:45.013000','2021-03-18 02:21:39.455000',1,1,'<h3>1,测试</h3>\r\n\r\n<p>&nbsp; &nbsp; &nbsp; &nbsp; &nbsp;&nbsp;<strong>富文本编辑器测试</strong>,,决方法 升级浏览器，或者下载新浏览器 推荐 360极速浏览器和谷歌浏览器</p>\r\n\r\n<p>&nbsp;</p>\r\n\r\n<p><span style=\"color:#2ecc71\">测试用的颜色另一种颜色</span></p>'),(31,'for 25','2020-12-27 03:05:45.016000','2020-12-27 03:05:45.016000',1,1,'1'),(32,'for 26','2020-12-27 03:05:45.019000','2020-12-27 03:05:45.019000',1,1,'1'),(33,'for 27','2020-12-27 03:05:45.021000','2020-12-27 03:05:45.021000',1,1,'1'),(34,'for 28','2020-12-27 03:05:45.024000','2021-03-23 12:27:53.746000',1,1,'1'),(35,'for 29','2020-12-27 03:05:45.027000','2021-03-23 12:27:25.336000',1,1,'1'),(36,'新增','2021-03-16 12:12:07.443000','2021-03-23 12:33:27.640000',1,2,'<h3>1.测试</h3>\r\n\r\n<p><strong>注意</strong>：在开发过程中，数据库同步误操作之后，<span style=\"color:#e74c3c\">难免会遇到后面不能同步成功的情况</span>，解决这个问题的一个简单粗暴方法是把migrations目录下的脚本（除__init__.py之外）全部删掉</p>\r\n\r\n<p><span style=\"color:#2ecc71\"><img alt=\"\" src=\"/media/upload/2021/03/18/iu_LygPmVz.jpg\" style=\"height:200px; width:200px\" />再把数据库删掉之后创建一个新的数据库，数据库同步操作再重新做一遍&nbsp; iu</span></p>'),(37,'代码段测试','2021-04-24 07:30:58.275000','2021-04-24 07:34:14.442000',1,2,'<pre>\r\n<code class=\"language-python\">from django import forms\r\nfrom django.db.models import ObjectDoesNotExist\r\nfrom django.contrib.contenttypes.models import ContentType\r\nfrom ckeditor.widgets import CKEditorWidget\r\n\r\nclass CommentForm(forms.Form):\r\n    content_type = forms.CharField(widget=forms.HiddenInput)\r\n    object_id = forms.IntegerField(widget=forms.HiddenInput)\r\n    text = forms.CharField(widget=CKEditorWidget())     # config_name=\'comment_ckeditor\'\r\n\r\n\r\n    def __init__(self, *args,**kwargs):\r\n        \"\"\"\r\n        实例化方法\r\n        继承CommentForm   #父类\r\n        \"\"\"\r\n        if \'user\' in kwargs:   # 判断传入的用户是否在参数里面\r\n            self.user = kwargs.pop(\'user\')   # 获取user\r\n        super(CommentForm, self).__init__(*args, **kwargs)\r\n\r\n    def clean(self):\r\n        # 判断用户是否登录\r\n        if self.user.is_authenticated:\r\n            self.cleaned_data[\'user\'] = self.user  # 如果是登录的就将user给cleaned_data以供我们使用\r\n        else:\r\n            raise forms.ValidationError(\'用户未登录\')  #前端不可信原则,前端验证后后端也要验证\r\n        # 评论对象验证\r\n        content_type = self.cleaned_data[\'content_type\']\r\n        object_id = self.cleaned_data[\'object_id\']\r\n        try:\r\n            model_class = ContentType.objects. \\\r\n                get(model=content_type).model_class()  # 得到具体博客的类型 model_class(得到具体的模型对象) 这里做的评论方法是  可以对任何类的对象进行评论\r\n            model_obj = model_class.objects.get(pk=object_id)  # 根据上面找到的博客类型然后在根据ID找到具体的某一篇博客\r\n            self.cleaned_data[\'content_object\'] = model_obj  # 将ID保存到列表里给评论函数调用(comment.views.py)\r\n        except ObjectDoesNotExist:\r\n            raise forms.ValidationError(\'评论对象不存在\')\r\n        return self.cleaned_data\r\n</code></pre>\r\n\r\n<p>&nbsp;</p>');
/*!40000 ALTER TABLE `blogs_blog` ENABLE KEYS */;
UNLOCK TABLES;

--
-- Table structure for table `blogs_blogtype`
--

DROP TABLE IF EXISTS `blogs_blogtype`;
/*!40101 SET @saved_cs_client     = @@character_set_client */;
/*!50503 SET character_set_client = utf8mb4 */;
CREATE TABLE `blogs_blogtype` (
  `id` int NOT NULL AUTO_INCREMENT,
  `type_name` varchar(30) COLLATE utf8mb4_unicode_ci NOT NULL,
  PRIMARY KEY (`id`)
) ENGINE=InnoDB AUTO_INCREMENT=4 DEFAULT CHARSET=utf8mb4 COLLATE=utf8mb4_unicode_ci;
/*!40101 SET character_set_client = @saved_cs_client */;

--
-- Dumping data for table `blogs_blogtype`
--

LOCK TABLES `blogs_blogtype` WRITE;
/*!40000 ALTER TABLE `blogs_blogtype` DISABLE KEYS */;
INSERT INTO `blogs_blogtype` VALUES (1,'Django'),(2,'随笔'),(3,'感悟');
/*!40000 ALTER TABLE `blogs_blogtype` ENABLE KEYS */;
UNLOCK TABLES;

--
-- Table structure for table `comment_comment`
--

DROP TABLE IF EXISTS `comment_comment`;
/*!40101 SET @saved_cs_client     = @@character_set_client */;
/*!50503 SET character_set_client = utf8mb4 */;
CREATE TABLE `comment_comment` (
  `id` int NOT NULL AUTO_INCREMENT,
  `object_id` int unsigned NOT NULL,
  `text` longtext COLLATE utf8mb4_unicode_ci NOT NULL,
  `comment_time` datetime(6) NOT NULL,
  `content_type_id` int NOT NULL,
  `user_id` int NOT NULL,
  `parent_id` int DEFAULT NULL,
  `reply_to_id` int DEFAULT NULL,
  `root_id` int DEFAULT NULL,
  PRIMARY KEY (`id`),
  KEY `comment_comment_content_type_id_fbfb9793_fk_django_co` (`content_type_id`),
  KEY `comment_comment_parent_id_b612524c_fk_comment_comment_id` (`parent_id`),
  KEY `comment_comment_reply_to_id_e0adcef8_fk_auth_user_id` (`reply_to_id`),
  KEY `comment_comment_root_id_28721811_fk_comment_comment_id` (`root_id`),
  KEY `comment_comment_user_id_6078e57b_fk_auth_user_id` (`user_id`),
  CONSTRAINT `comment_comment_content_type_id_fbfb9793_fk_django_co` FOREIGN KEY (`content_type_id`) REFERENCES `django_content_type` (`id`),
  CONSTRAINT `comment_comment_parent_id_b612524c_fk_comment_comment_id` FOREIGN KEY (`parent_id`) REFERENCES `comment_comment` (`id`),
  CONSTRAINT `comment_comment_reply_to_id_e0adcef8_fk_auth_user_id` FOREIGN KEY (`reply_to_id`) REFERENCES `auth_user` (`id`),
  CONSTRAINT `comment_comment_root_id_28721811_fk_comment_comment_id` FOREIGN KEY (`root_id`) REFERENCES `comment_comment` (`id`),
  CONSTRAINT `comment_comment_user_id_6078e57b_fk_auth_user_id` FOREIGN KEY (`user_id`) REFERENCES `auth_user` (`id`)
) ENGINE=InnoDB AUTO_INCREMENT=5 DEFAULT CHARSET=utf8mb4 COLLATE=utf8mb4_unicode_ci;
/*!40101 SET character_set_client = @saved_cs_client */;

--
-- Dumping data for table `comment_comment`
--

LOCK TABLES `comment_comment` WRITE;
/*!40000 ALTER TABLE `comment_comment` DISABLE KEYS */;
INSERT INTO `comment_comment` VALUES (2,35,'123456','2021-04-07 14:22:56.931000',7,1,NULL,NULL,NULL),(3,35,'12131','2021-04-07 14:23:35.552000',7,1,NULL,NULL,NULL),(4,35,'1567','2021-04-07 14:23:48.434000',7,1,NULL,NULL,NULL);
/*!40000 ALTER TABLE `comment_comment` ENABLE KEYS */;
UNLOCK TABLES;

--
-- Table structure for table `django_admin_log`
--

DROP TABLE IF EXISTS `django_admin_log`;
/*!40101 SET @saved_cs_client     = @@character_set_client */;
/*!50503 SET character_set_client = utf8mb4 */;
CREATE TABLE `django_admin_log` (
  `id` int NOT NULL AUTO_INCREMENT,
  `action_time` datetime(6) NOT NULL,
  `object_id` longtext COLLATE utf8mb4_unicode_ci,
  `object_repr` varchar(200) COLLATE utf8mb4_unicode_ci NOT NULL,
  `action_flag` smallint unsigned NOT NULL,
  `change_message` longtext COLLATE utf8mb4_unicode_ci NOT NULL,
  `content_type_id` int DEFAULT NULL,
  `user_id` int NOT NULL,
  PRIMARY KEY (`id`),
  KEY `django_admin_log_content_type_id_c4bce8eb_fk_django_co` (`content_type_id`),
  KEY `django_admin_log_user_id_c564eba6_fk_auth_user_id` (`user_id`),
  CONSTRAINT `django_admin_log_content_type_id_c4bce8eb_fk_django_co` FOREIGN KEY (`content_type_id`) REFERENCES `django_content_type` (`id`),
  CONSTRAINT `django_admin_log_user_id_c564eba6_fk_auth_user_id` FOREIGN KEY (`user_id`) REFERENCES `auth_user` (`id`)
) ENGINE=InnoDB AUTO_INCREMENT=250 DEFAULT CHARSET=utf8mb4 COLLATE=utf8mb4_unicode_ci;
/*!40101 SET character_set_client = @saved_cs_client */;

--
-- Dumping data for table `django_admin_log`
--

LOCK TABLES `django_admin_log` WRITE;
/*!40000 ALTER TABLE `django_admin_log` DISABLE KEYS */;
INSERT INTO `django_admin_log` VALUES (1,'2020-12-10 05:20:46.574000','1','Django',1,'[{\"added\": {}}]',8,1),(2,'2020-12-10 05:20:50.855000','2','随笔',1,'[{\"added\": {}}]',8,1),(3,'2020-12-10 05:20:54.620000','3','感悟',1,'[{\"added\": {}}]',8,1),(4,'2020-12-10 05:21:58.170000','1','第一个django',1,'[{\"added\": {}}]',7,1),(5,'2020-12-10 05:22:57.069000','2','第一个感悟',1,'[{\"added\": {}}]',7,1),(6,'2020-12-10 05:23:42.341000','3','第一个感悟',1,'[{\"added\": {}}]',7,1),(7,'2020-12-10 12:24:29.464000','4','测试',1,'[{\"added\": {}}]',7,1),(8,'2020-12-10 13:03:35.465000','2','第一个感悟',2,'[{\"changed\": {\"fields\": [\"blog_type\"]}}]',7,1),(9,'2020-12-10 13:03:53.650000','2','第一个随笔',2,'[{\"changed\": {\"fields\": [\"title\"]}}]',7,1),(10,'2021-03-16 12:12:07.444000','36','新增',1,'[{\"added\": {}}]',7,1),(11,'2021-03-18 02:21:39.456000','30','for 24',2,'[{\"changed\": {\"fields\": [\"content\"]}}]',7,1),(12,'2021-03-18 06:40:51.181000','36','新增',2,'[{\"changed\": {\"fields\": [\"content\"]}}]',7,1),(13,'2021-03-18 12:40:51.223000','36','新增',2,'[{\"changed\": {\"fields\": [\"content\"]}}]',7,1),(14,'2021-03-23 12:33:27.641000','36','新增',2,'[{\"changed\": {\"fields\": [\"content\"]}}]',7,1),(15,'2021-03-23 12:54:56.160000','1','ReadNum object (1)',1,'[{\"added\": {}}]',9,1),(16,'2021-03-25 14:13:11.640000','1','ReadNum object (1)',1,'[{\"added\": {}}]',10,1),(17,'2021-03-25 14:13:49.446000','2','ReadNum object (2)',1,'[{\"added\": {}}]',10,1),(18,'2021-03-27 09:00:54.394000','1','ReadNum object (1)',3,'',10,1),(19,'2021-03-27 09:01:34.284000','2','ReadNum object (2)',3,'',10,1),(20,'2021-03-27 09:02:08.070000','3','ReadNum object (3)',1,'[{\"added\": {}}]',10,1),(21,'2021-03-27 09:02:57.456000','3','ReadNum object (3)',3,'',10,1),(22,'2021-03-27 09:03:22.764000','4','ReadNum object (4)',1,'[{\"added\": {}}]',10,1),(23,'2021-03-28 06:58:57.763000','1','ReadDetail object (1)',1,'[{\"added\": {}}]',11,1),(24,'2021-04-24 07:30:58.276000','37','<Blog: django>',1,'[{\"added\": {}}]',7,1),(25,'2021-04-24 07:33:35.859000','37','<Blog: django>',2,'[{\"changed\": {\"fields\": [\"content\"]}}]',7,1),(26,'2021-04-24 07:34:14.443000','37','<Blog: 代码段测试>',2,'[{\"changed\": {\"fields\": [\"title\"]}}]',7,1),(27,'2021-05-05 02:01:05.487000','120','Comment object (120)',3,'',12,1),(28,'2021-05-05 02:01:05.490000','119','Comment object (119)',3,'',12,1),(29,'2021-05-05 02:01:05.494000','118','Comment object (118)',3,'',12,1),(30,'2021-05-05 02:01:05.498000','117','Comment object (117)',3,'',12,1),(31,'2021-05-05 02:01:05.502000','116','Comment object (116)',3,'',12,1),(32,'2021-05-05 02:01:05.505000','115','Comment object (115)',3,'',12,1),(33,'2021-05-05 02:01:05.508000','114','Comment object (114)',3,'',12,1),(34,'2021-05-05 02:01:05.511000','113','Comment object (113)',3,'',12,1),(35,'2021-05-05 02:01:05.514000','112','Comment object (112)',3,'',12,1),(36,'2021-05-05 02:01:05.517000','111','Comment object (111)',3,'',12,1),(37,'2021-05-05 02:01:05.520000','110','Comment object (110)',3,'',12,1),(38,'2021-05-05 02:01:05.523000','109','Comment object (109)',3,'',12,1),(39,'2021-05-05 02:01:05.525000','108','Comment object (108)',3,'',12,1),(40,'2021-05-05 02:01:05.528000','107','Comment object (107)',3,'',12,1),(41,'2021-05-05 02:01:05.531000','106','Comment object (106)',3,'',12,1),(42,'2021-05-05 02:01:05.534000','105','Comment object (105)',3,'',12,1),(43,'2021-05-05 02:01:05.538000','104','Comment object (104)',3,'',12,1),(44,'2021-05-05 02:01:05.542000','103','Comment object (103)',3,'',12,1),(45,'2021-05-05 02:01:05.545000','102','Comment object (102)',3,'',12,1),(46,'2021-05-05 02:01:05.548000','101','Comment object (101)',3,'',12,1),(47,'2021-05-05 02:01:05.551000','100','Comment object (100)',3,'',12,1),(48,'2021-05-05 02:01:05.554000','99','Comment object (99)',3,'',12,1),(49,'2021-05-05 02:01:05.557000','98','Comment object (98)',3,'',12,1),(50,'2021-05-05 02:01:05.559000','97','Comment object (97)',3,'',12,1),(51,'2021-05-05 02:01:05.562000','96','Comment object (96)',3,'',12,1),(52,'2021-05-05 02:01:05.565000','95','Comment object (95)',3,'',12,1),(53,'2021-05-05 02:01:05.568000','94','Comment object (94)',3,'',12,1),(54,'2021-05-05 02:01:05.571000','93','Comment object (93)',3,'',12,1),(55,'2021-05-05 02:01:05.573000','92','Comment object (92)',3,'',12,1),(56,'2021-05-05 02:01:05.576000','91','Comment object (91)',3,'',12,1),(57,'2021-05-05 02:01:05.578000','90','Comment object (90)',3,'',12,1),(58,'2021-05-05 02:01:05.581000','89','Comment object (89)',3,'',12,1),(59,'2021-05-05 02:01:05.584000','88','Comment object (88)',3,'',12,1),(60,'2021-05-05 02:01:05.587000','87','Comment object (87)',3,'',12,1),(61,'2021-05-05 02:01:05.590000','86','Comment object (86)',3,'',12,1),(62,'2021-05-05 02:01:05.593000','85','Comment object (85)',3,'',12,1),(63,'2021-05-05 02:01:05.596000','84','Comment object (84)',3,'',12,1),(64,'2021-05-05 02:01:05.599000','83','Comment object (83)',3,'',12,1),(65,'2021-05-05 02:01:05.602000','82','Comment object (82)',3,'',12,1),(66,'2021-05-05 02:01:05.605000','81','Comment object (81)',3,'',12,1),(67,'2021-05-05 02:01:05.607000','80','Comment object (80)',3,'',12,1),(68,'2021-05-05 02:01:05.610000','79','Comment object (79)',3,'',12,1),(69,'2021-05-05 02:01:05.613000','78','Comment object (78)',3,'',12,1),(70,'2021-05-05 02:01:05.616000','77','Comment object (77)',3,'',12,1),(71,'2021-05-05 02:01:05.619000','76','Comment object (76)',3,'',12,1),(72,'2021-05-05 02:01:05.621000','75','Comment object (75)',3,'',12,1),(73,'2021-05-05 02:01:05.625000','74','Comment object (74)',3,'',12,1),(74,'2021-05-05 02:01:05.629000','73','Comment object (73)',3,'',12,1),(75,'2021-05-05 02:01:05.634000','72','Comment object (72)',3,'',12,1),(76,'2021-05-05 02:01:05.637000','71','Comment object (71)',3,'',12,1),(77,'2021-05-05 02:01:05.640000','70','Comment object (70)',3,'',12,1),(78,'2021-05-05 02:01:05.643000','69','Comment object (69)',3,'',12,1),(79,'2021-05-05 02:01:05.646000','68','Comment object (68)',3,'',12,1),(80,'2021-05-05 02:01:05.648000','67','Comment object (67)',3,'',12,1),(81,'2021-05-05 02:01:05.651000','66','Comment object (66)',3,'',12,1),(82,'2021-05-05 02:01:05.654000','65','Comment object (65)',3,'',12,1),(83,'2021-05-05 02:01:05.657000','64','Comment object (64)',3,'',12,1),(84,'2021-05-05 02:01:05.661000','63','Comment object (63)',3,'',12,1),(85,'2021-05-05 02:01:05.664000','62','Comment object (62)',3,'',12,1),(86,'2021-05-05 02:01:05.667000','61','Comment object (61)',3,'',12,1),(87,'2021-05-05 02:01:05.670000','60','Comment object (60)',3,'',12,1),(88,'2021-05-05 02:01:05.672000','59','Comment object (59)',3,'',12,1),(89,'2021-05-05 02:01:05.674000','58','Comment object (58)',3,'',12,1),(90,'2021-05-05 02:01:05.678000','57','Comment object (57)',3,'',12,1),(91,'2021-05-05 02:01:05.680000','56','Comment object (56)',3,'',12,1),(92,'2021-05-05 02:01:05.684000','55','Comment object (55)',3,'',12,1),(93,'2021-05-05 02:01:05.686000','54','Comment object (54)',3,'',12,1),(94,'2021-05-05 02:01:05.689000','53','Comment object (53)',3,'',12,1),(95,'2021-05-05 02:01:05.692000','52','Comment object (52)',3,'',12,1),(96,'2021-05-05 02:01:05.695000','51','Comment object (51)',3,'',12,1),(97,'2021-05-05 02:01:05.698000','50','Comment object (50)',3,'',12,1),(98,'2021-05-05 02:01:05.701000','49','Comment object (49)',3,'',12,1),(99,'2021-05-05 02:01:05.703000','48','Comment object (48)',3,'',12,1),(100,'2021-05-05 02:01:05.706000','47','Comment object (47)',3,'',12,1),(101,'2021-05-05 02:01:05.709000','46','Comment object (46)',3,'',12,1),(102,'2021-05-05 02:01:05.712000','45','Comment object (45)',3,'',12,1),(103,'2021-05-05 02:01:05.714000','44','Comment object (44)',3,'',12,1),(104,'2021-05-05 02:01:05.719000','43','Comment object (43)',3,'',12,1),(105,'2021-05-05 02:01:05.723000','42','Comment object (42)',3,'',12,1),(106,'2021-05-05 02:01:05.727000','41','Comment object (41)',3,'',12,1),(107,'2021-05-05 02:01:05.730000','40','Comment object (40)',3,'',12,1),(108,'2021-05-05 02:01:05.733000','39','Comment object (39)',3,'',12,1),(109,'2021-05-05 02:01:05.736000','38','Comment object (38)',3,'',12,1),(110,'2021-05-05 02:01:05.739000','37','Comment object (37)',3,'',12,1),(111,'2021-05-05 02:01:05.742000','36','Comment object (36)',3,'',12,1),(112,'2021-05-05 02:01:05.744000','35','Comment object (35)',3,'',12,1),(113,'2021-05-05 02:01:05.747000','34','Comment object (34)',3,'',12,1),(114,'2021-05-05 02:01:05.750000','33','Comment object (33)',3,'',12,1),(115,'2021-05-05 02:01:05.752000','32','Comment object (32)',3,'',12,1),(116,'2021-05-05 02:01:05.756000','31','Comment object (31)',3,'',12,1),(117,'2021-05-05 02:01:05.758000','30','Comment object (30)',3,'',12,1),(118,'2021-05-05 02:01:05.761000','29','Comment object (29)',3,'',12,1),(119,'2021-05-05 02:01:05.764000','28','Comment object (28)',3,'',12,1),(120,'2021-05-05 02:01:05.768000','27','Comment object (27)',3,'',12,1),(121,'2021-05-05 02:01:05.772000','26','Comment object (26)',3,'',12,1),(122,'2021-05-05 02:01:05.776000','25','Comment object (25)',3,'',12,1),(123,'2021-05-05 02:01:05.778000','24','Comment object (24)',3,'',12,1),(124,'2021-05-05 02:01:05.781000','23','Comment object (23)',3,'',12,1),(125,'2021-05-05 02:01:05.784000','22','Comment object (22)',3,'',12,1),(126,'2021-05-05 02:01:05.787000','21','Comment object (21)',3,'',12,1),(127,'2021-05-05 02:01:05.790000','20','Comment object (20)',3,'',12,1),(128,'2021-05-05 02:03:25.206000','121','Comment object (121)',1,'[{\"added\": {}}]',12,1),(129,'2021-05-06 05:07:01.879000','122','树形结构1',1,'[{\"added\": {}}]',12,1),(130,'2021-05-06 05:18:16.995000','123','树形结构测试2',1,'[{\"added\": {}}]',12,1),(131,'2021-05-09 07:39:06.910000','1','123456',3,'',12,1),(132,'2021-05-09 07:59:57.369000','160','<p>12456</p>',3,'',12,1),(133,'2021-05-09 07:59:57.374000','161','<p>1234567890-=</p>',3,'',12,1),(134,'2021-05-09 07:59:57.378000','162','<p>123456</p>',3,'',12,1),(135,'2021-05-09 07:59:57.383000','163','<p>124567890</p>',3,'',12,1),(136,'2021-05-09 07:59:57.386000','164','<p>1234567890-plmcxz&nbsp;</p>',3,'',12,1),(137,'2021-05-09 07:59:57.390000','165','<p>12890</p>',3,'',12,1),(138,'2021-05-09 07:59:57.393000','166','<p>adsahfhawh&nbsp;</p>',3,'',12,1),(139,'2021-05-09 07:59:57.396000','167','<p>vr&nbsp;&nbsp;</p>',3,'',12,1),(140,'2021-05-09 07:59:57.398000','168','<p>13122321vvvv</p>',3,'',12,1),(141,'2021-05-09 07:59:57.402000','169','<p>123456789</p>',3,'',12,1),(142,'2021-05-09 07:59:57.405000','170','<p>1234567ygfds</p>',3,'',12,1),(143,'2021-05-09 07:59:57.408000','171','<p>1234567890-=]\\</p>',3,'',12,1),(144,'2021-05-09 07:59:57.412000','172','<p>12311313132123</p>',3,'',12,1),(145,'2021-05-09 07:59:57.415000','173','<p>123213131313213==</p>',3,'',12,1),(146,'2021-05-09 07:59:57.418000','152','<p>1234567</p>',3,'',12,1),(147,'2021-05-09 07:59:57.420000','153','<p>1234567890-</p>',3,'',12,1),(148,'2021-05-09 07:59:57.424000','154','<p>1230</p>',3,'',12,1),(149,'2021-05-09 07:59:57.427000','155','<p>12345678</p>',3,'',12,1),(150,'2021-05-17 13:54:17.324000','1','<Profile: lxl for 李小龙>',1,'[{\"added\": {}}]',15,1),(151,'2021-05-21 16:36:26.485000','3','lxl2',1,'[{\"added\": {}}, {\"added\": {\"name\": \"profile\", \"object\": \"<Profile: lxl2 for \\u674e\\u5c0f\\u70b9\\u6d4b\\u8bd5>\"}}]',4,1),(152,'2021-05-21 16:55:11.517000','4','lxl3',1,'[{\"added\": {}}, {\"added\": {\"name\": \"profile\", \"object\": \"<Profile: lxl3 for \\u6d4b\\u8bd5\\u90ae\\u7bb1>\"}}]',4,1),(153,'2021-05-21 16:58:07.908000','3','lxl2',3,'',4,1),(154,'2021-05-21 16:58:07.912000','4','lxl3',3,'',4,1),(155,'2021-05-21 16:59:01.311000','5','lxl2',1,'[{\"added\": {}}]',4,1),(156,'2021-05-21 17:10:36.438000','5','lxl2',3,'',4,1),(157,'2021-05-21 17:11:26.158000','6','lxl2',1,'[{\"added\": {}}]',4,1),(158,'2021-05-22 07:27:21.209000','6','lxl2',3,'',4,1),(159,'2021-05-22 07:30:43.044000','7','lxl2',3,'',4,1),(160,'2021-05-25 02:33:38.762000','5','1234567890-',3,'',12,1),(161,'2021-05-25 02:33:38.765000','6','214u2352',3,'',12,1),(162,'2021-05-25 02:33:38.769000','7','363u1ru\r\ntrwbbhbt',3,'',12,1),(163,'2021-05-25 02:33:38.772000','8','qs',3,'',12,1),(164,'2021-05-25 02:33:38.776000','9','savdvv',3,'',12,1),(165,'2021-05-25 02:33:38.780000','10','123',3,'',12,1),(166,'2021-05-25 02:33:38.783000','11','12345678-',3,'',12,1),(167,'2021-05-25 02:33:38.786000','12','1213231',3,'',12,1),(168,'2021-05-25 02:33:38.789000','13','qbqb',3,'',12,1),(169,'2021-05-25 02:33:38.792000','14','1234567',3,'',12,1),(170,'2021-05-25 02:33:38.795000','15','1234',3,'',12,1),(171,'2021-05-25 02:33:38.798000','16','1234',3,'',12,1),(172,'2021-05-25 02:33:38.801000','17','1234',3,'',12,1),(173,'2021-05-25 02:33:38.804000','18','1234',3,'',12,1),(174,'2021-05-25 02:33:38.807000','19','<p>1234567</p>',3,'',12,1),(175,'2021-05-25 02:33:38.810000','121','测试树形结构',3,'',12,1),(176,'2021-05-25 02:33:38.813000','122','树形结构1',3,'',12,1),(177,'2021-05-25 02:33:38.816000','123','树形结构测试2',3,'',12,1),(178,'2021-05-25 02:33:38.818000','124','<p><img alt=\"devil\" height=\"23\" src=\"http://localhost:8000/static/ckeditor/ckeditor/plugins/smiley/images/devil_smile.png\" title=\"devil\" width=\"23\" /></p>',3,'',12,1),(179,'2021-05-25 02:33:38.822000','125','<p>123456789</p>',3,'',12,1),(180,'2021-05-25 02:33:38.825000','126','<p>098765432</p>',3,'',12,1),(181,'2021-05-25 02:33:38.828000','127','<p>ceshi</p>',3,'',12,1),(182,'2021-05-25 02:33:38.831000','128','<p>12345678901111</p>',3,'',12,1),(183,'2021-05-25 02:33:38.834000','129','<p>1234567</p>',3,'',12,1),(184,'2021-05-25 02:33:38.837000','130','<p>test</p>',3,'',12,1),(185,'2021-05-25 02:33:38.842000','131','<p>1234567890olkmnbvcxz</p>',3,'',12,1),(186,'2021-05-25 02:33:38.847000','132','<p>test</p>',3,'',12,1),(187,'2021-05-25 02:33:38.851000','133','<p>test</p>',3,'',12,1),(188,'2021-05-25 02:33:38.854000','134','<p>测试1</p>',3,'',12,1),(189,'2021-05-25 02:33:38.857000','135','<p>测试1</p>',3,'',12,1),(190,'2021-05-25 02:33:38.860000','136','<p>测试2</p>',3,'',12,1),(191,'2021-05-25 02:33:38.863000','137','<p>123</p>',3,'',12,1),(192,'2021-05-25 02:33:38.866000','138','<p>测试1</p>',3,'',12,1),(193,'2021-05-25 02:33:38.868000','139','<p>测试2</p>',3,'',12,1),(194,'2021-05-25 02:33:38.871000','140','<p>测试3</p>',3,'',12,1),(195,'2021-05-25 02:33:38.874000','141','<p>测试12</p>',3,'',12,1),(196,'2021-05-25 02:33:38.877000','142','<p>1234567</p>',3,'',12,1),(197,'2021-05-25 02:33:38.880000','143','<p>测试==</p>',3,'',12,1),(198,'2021-05-25 02:33:38.883000','144','<p>测试++</p>',3,'',12,1),(199,'2021-05-25 02:33:38.887000','145','<p>测试评论数量</p>',3,'',12,1),(200,'2021-05-25 02:33:38.890000','146','<p>12345678</p>',3,'',12,1),(201,'2021-05-25 02:33:38.893000','147','<p>12345678</p>',3,'',12,1),(202,'2021-05-25 02:33:38.896000','148','<p>12345890</p>',3,'',12,1),(203,'2021-05-25 02:33:38.898000','149','<p>11123</p>',3,'',12,1),(204,'2021-05-25 02:33:38.901000','150','<p>11122222</p>',3,'',12,1),(205,'2021-05-25 02:33:38.904000','151','<p>123456789</p>',3,'',12,1),(206,'2021-05-25 02:33:38.907000','156','<p>12345678</p>',3,'',12,1),(207,'2021-05-25 02:33:38.910000','157','<p>&nbsp; &nbsp; 2346哦</p>',3,'',12,1),(208,'2021-05-25 02:33:38.913000','158','<p>安慰大V雇个人</p>',3,'',12,1),(209,'2021-05-25 02:33:38.916000','159','<p><img alt=\"angry\" height=\"23\" src=\"http://localhost:8000/static/ckeditor/ckeditor/plugins/smiley/images/angry_smile.png\" title=\"angry\" width=\"23\" /></p>',3,'',12,1),(210,'2021-05-25 02:33:38.919000','160','<p>测试新评论无法点赞</p>',3,'',12,1),(211,'2021-05-25 02:33:38.922000','161','<p>测试新评论无法点赞1</p>',3,'',12,1),(212,'2021-05-25 02:33:38.925000','162','<p>12345670</p>',3,'',12,1),(213,'2021-05-25 02:33:38.928000','163','<p>评论测试</p>',3,'',12,1),(214,'2021-05-25 02:33:38.933000','164','<p>回复测试</p>',3,'',12,1),(215,'2021-05-25 02:33:38.937000','165','<p>1234568-</p>',3,'',12,1),(216,'2021-05-25 02:33:38.941000','166','<p>测试ContentType.objects.get_for_model(comment).model</p>',3,'',12,1),(217,'2021-05-25 02:33:38.944000','167','<p>测试</p>',3,'',12,1),(218,'2021-05-25 02:33:38.946000','168','<p>回复测试</p>',3,'',12,1),(219,'2021-05-25 02:33:38.949000','169','<p>1236890</p>',3,'',12,1),(220,'2021-05-25 02:33:38.952000','170','<p>邮件回复测试</p>\r\n\r\n<p>&nbsp;</p>',3,'',12,1),(221,'2021-05-25 02:33:38.954000','171','<p>邮件回复测试</p>\r\n\r\n<p>&nbsp;</p>',3,'',12,1),(222,'2021-05-25 02:33:38.958000','172','<p>评论回复测试</p>',3,'',12,1),(223,'2021-05-25 02:33:38.961000','173','<p>多线程发送</p>',3,'',12,1),(224,'2021-05-25 02:33:38.964000','174','<p>多线程发送</p>',3,'',12,1),(225,'2021-05-25 02:33:38.967000','175','<p>多线程发送1</p>',3,'',12,1),(226,'2021-05-25 02:33:38.969000','176','<p>html发送邮件</p>',3,'',12,1),(227,'2021-05-25 02:33:38.972000','177','<p>html&nbsp; 测试</p>',3,'',12,1),(228,'2021-05-25 02:33:38.976000','178','<p>html&nbsp; 测试</p>',3,'',12,1),(229,'2021-05-25 02:33:38.978000','179','<p>测试</p>',3,'',12,1),(230,'2021-05-25 02:33:38.981000','180','<p>评论速度测试</p>',3,'',12,1),(231,'2021-05-25 02:33:38.984000','181','<p>评论速度测试</p>',3,'',12,1),(232,'2021-05-25 02:33:38.987000','182','<p>评论速度测试</p>',3,'',12,1),(233,'2021-05-25 02:33:38.990000','183','<p><img alt=\"yes\" height=\"23\" src=\"http://localhost:8000/static/ckeditor/ckeditor/plugins/smiley/images/thumbs_up.png\" title=\"yes\" width=\"23\" /></p>',3,'',12,1),(234,'2021-05-25 02:33:38.993000','184','<p>1234567890-</p>',3,'',12,1),(235,'2021-05-25 02:33:38.996000','185','<p>123457890-\\</p>',3,'',12,1),(236,'2021-05-25 02:33:38.998000','186','<p>123457890</p>',3,'',12,1),(237,'2021-05-25 02:33:39.001000','187','<p>1234567890-</p>',3,'',12,1),(238,'2021-05-25 02:33:39.004000','188','<p>1234567890</p>',3,'',12,1),(239,'2021-05-25 02:33:39.007000','189','<p>qwertyuiopjhgfdsa&nbsp;</p>',3,'',12,1),(240,'2021-05-25 02:33:39.011000','190','<p>1234567890-</p>',3,'',12,1),(241,'2021-05-25 02:33:39.013000','191','<p>qwertyuil,mnbvcxz</p>',3,'',12,1),(242,'2021-05-25 02:33:39.016000','192','<p>fewethryjtukyl&nbsp;</p>',3,'',12,1),(243,'2021-05-25 02:33:39.019000','193','<p>wqew yetrtuyilt uyt</p>',3,'',12,1),(244,'2021-05-25 02:33:39.023000','194','<p>123</p>',3,'',12,1),(245,'2021-05-25 02:33:39.027000','195','<p>12345</p>',3,'',12,1),(246,'2021-05-25 02:33:39.032000','196','<p>1234567890-</p>',3,'',12,1),(247,'2021-05-25 02:33:39.034000','197','<p>112334</p>',3,'',12,1),(248,'2021-05-25 02:33:39.037000','198','<p>121431241</p>',3,'',12,1),(249,'2021-05-25 02:33:39.040000','199','<p>213513515</p>',3,'',12,1);
/*!40000 ALTER TABLE `django_admin_log` ENABLE KEYS */;
UNLOCK TABLES;

--
-- Table structure for table `django_content_type`
--

DROP TABLE IF EXISTS `django_content_type`;
/*!40101 SET @saved_cs_client     = @@character_set_client */;
/*!50503 SET character_set_client = utf8mb4 */;
CREATE TABLE `django_content_type` (
  `id` int NOT NULL AUTO_INCREMENT,
  `app_label` varchar(100) COLLATE utf8mb4_unicode_ci NOT NULL,
  `model` varchar(100) COLLATE utf8mb4_unicode_ci NOT NULL,
  PRIMARY KEY (`id`),
  UNIQUE KEY `django_content_type_app_label_model_76bd3d3b_uniq` (`app_label`,`model`)
) ENGINE=InnoDB AUTO_INCREMENT=16 DEFAULT CHARSET=utf8mb4 COLLATE=utf8mb4_unicode_ci;
/*!40101 SET character_set_client = @saved_cs_client */;

--
-- Dumping data for table `django_content_type`
--

LOCK TABLES `django_content_type` WRITE;
/*!40000 ALTER TABLE `django_content_type` DISABLE KEYS */;
INSERT INTO `django_content_type` VALUES (1,'admin','logentry'),(3,'auth','group'),(2,'auth','permission'),(4,'auth','user'),(7,'blogs','blog'),(8,'blogs','blogtype'),(9,'blogs','readnum'),(12,'comment','comment'),(5,'contenttypes','contenttype'),(13,'likes','likecount'),(14,'likes','likerecord'),(11,'read_statistics','readdetail'),(10,'read_statistics','readnum'),(6,'sessions','session'),(15,'user','profile');
/*!40000 ALTER TABLE `django_content_type` ENABLE KEYS */;
UNLOCK TABLES;

--
-- Table structure for table `django_migrations`
--

DROP TABLE IF EXISTS `django_migrations`;
/*!40101 SET @saved_cs_client     = @@character_set_client */;
/*!50503 SET character_set_client = utf8mb4 */;
CREATE TABLE `django_migrations` (
  `id` int NOT NULL AUTO_INCREMENT,
  `app` varchar(255) COLLATE utf8mb4_unicode_ci NOT NULL,
  `name` varchar(255) COLLATE utf8mb4_unicode_ci NOT NULL,
  `applied` datetime(6) NOT NULL,
  PRIMARY KEY (`id`)
) ENGINE=InnoDB AUTO_INCREMENT=36 DEFAULT CHARSET=utf8mb4 COLLATE=utf8mb4_unicode_ci;
/*!40101 SET character_set_client = @saved_cs_client */;

--
-- Dumping data for table `django_migrations`
--

LOCK TABLES `django_migrations` WRITE;
/*!40000 ALTER TABLE `django_migrations` DISABLE KEYS */;
INSERT INTO `django_migrations` VALUES (1,'contenttypes','0001_initial','2021-05-26 05:16:39.512304'),(2,'auth','0001_initial','2021-05-26 05:16:39.878109'),(3,'admin','0001_initial','2021-05-26 05:16:39.976099'),(4,'admin','0002_logentry_remove_auto_add','2021-05-26 05:16:39.983099'),(5,'admin','0003_logentry_add_action_flag_choices','2021-05-26 05:16:39.989726'),(6,'contenttypes','0002_remove_content_type_name','2021-05-26 05:16:40.061772'),(7,'auth','0002_alter_permission_name_max_length','2021-05-26 05:16:40.102816'),(8,'auth','0003_alter_user_email_max_length','2021-05-26 05:16:40.124888'),(9,'auth','0004_alter_user_username_opts','2021-05-26 05:16:40.131896'),(10,'auth','0005_alter_user_last_login_null','2021-05-26 05:16:40.171261'),(11,'auth','0006_require_contenttypes_0002','2021-05-26 05:16:40.175249'),(12,'auth','0007_alter_validators_add_error_messages','2021-05-26 05:16:40.182262'),(13,'auth','0008_alter_user_username_max_length','2021-05-26 05:16:40.230376'),(14,'auth','0009_alter_user_last_name_max_length','2021-05-26 05:16:40.278797'),(15,'blogs','0001_initial','2021-05-26 05:16:40.414995'),(16,'blogs','0002_auto_20201227_1541','2021-05-26 05:16:40.423997'),(17,'blogs','0003_remove_blog_content','2021-05-26 05:16:40.469849'),(18,'blogs','0004_blog_content','2021-05-26 05:16:40.488570'),(19,'blogs','0005_auto_20210318_1508','2021-05-26 05:16:40.496379'),(20,'blogs','0006_blog_readed_num','2021-05-26 05:16:40.526125'),(21,'blogs','0007_auto_20210323_2049','2021-05-26 05:16:40.638360'),(22,'blogs','0008_auto_20210325_2209','2021-05-26 05:16:40.688369'),(23,'blogs','0009_auto_20210510_1344','2021-05-26 05:16:40.796881'),(24,'comment','0001_initial','2021-05-26 05:16:40.886314'),(25,'comment','0002_auto_20210426_2002','2021-05-26 05:16:40.896314'),(26,'comment','0003_comment_parent_id','2021-05-26 05:16:40.922370'),(27,'comment','0004_auto_20210505_1012','2021-05-26 05:16:41.008152'),(28,'comment','0005_auto_20210505_1030','2021-05-26 05:16:41.245263'),(29,'comment','0006_auto_20210510_1344','2021-05-26 05:16:41.571268'),(30,'likes','0001_initial','2021-05-26 05:16:41.721167'),(31,'read_statistics','0001_initial','2021-05-26 05:16:41.775149'),(32,'read_statistics','0002_readdetail','2021-05-26 05:16:41.835334'),(33,'read_statistics','0003_auto_20210510_1344','2021-05-26 05:16:41.934585'),(34,'sessions','0001_initial','2021-05-26 05:16:41.962434'),(35,'user','0001_initial','2021-05-26 05:16:42.019399');
/*!40000 ALTER TABLE `django_migrations` ENABLE KEYS */;
UNLOCK TABLES;

--
-- Table structure for table `django_session`
--

DROP TABLE IF EXISTS `django_session`;
/*!40101 SET @saved_cs_client     = @@character_set_client */;
/*!50503 SET character_set_client = utf8mb4 */;
CREATE TABLE `django_session` (
  `session_key` varchar(40) COLLATE utf8mb4_unicode_ci NOT NULL,
  `session_data` longtext COLLATE utf8mb4_unicode_ci NOT NULL,
  `expire_date` datetime(6) NOT NULL,
  PRIMARY KEY (`session_key`),
  KEY `django_session_expire_date_a5c62663` (`expire_date`)
) ENGINE=InnoDB DEFAULT CHARSET=utf8mb4 COLLATE=utf8mb4_unicode_ci;
/*!40101 SET character_set_client = @saved_cs_client */;

--
-- Dumping data for table `django_session`
--

LOCK TABLES `django_session` WRITE;
/*!40000 ALTER TABLE `django_session` DISABLE KEYS */;
INSERT INTO `django_session` VALUES ('0dx8pxcdewm2rwsfuvmxe8pas9olkx1m','YTc5MDM5ZTU4MWFlNjAyMzE4OTBhYTczNjQ0ZWMxYjJhZGYyNDg3Mzp7Il9hdXRoX3VzZXJfaWQiOiIxIiwiX2F1dGhfdXNlcl9iYWNrZW5kIjoiZGphbmdvLmNvbnRyaWIuYXV0aC5iYWNrZW5kcy5Nb2RlbEJhY2tlbmQiLCJfYXV0aF91c2VyX2hhc2giOiI5OTMxMDBjZTAzYzM4ZGJhZDEzY2EyZmYyZmY3ODNiNDU0YzFkM2U1In0=','2021-04-21 11:33:54.816000'),('12chtubgik76wy097uh1ivx8acyy0uiq','YTc5MDM5ZTU4MWFlNjAyMzE4OTBhYTczNjQ0ZWMxYjJhZGYyNDg3Mzp7Il9hdXRoX3VzZXJfaWQiOiIxIiwiX2F1dGhfdXNlcl9iYWNrZW5kIjoiZGphbmdvLmNvbnRyaWIuYXV0aC5iYWNrZW5kcy5Nb2RlbEJhY2tlbmQiLCJfYXV0aF91c2VyX2hhc2giOiI5OTMxMDBjZTAzYzM4ZGJhZDEzY2EyZmYyZmY3ODNiNDU0YzFkM2U1In0=','2021-05-23 07:29:04.865000'),('158sdz63cciqg8kc0wg7w9qn42brnzpn','YTc5MDM5ZTU4MWFlNjAyMzE4OTBhYTczNjQ0ZWMxYjJhZGYyNDg3Mzp7Il9hdXRoX3VzZXJfaWQiOiIxIiwiX2F1dGhfdXNlcl9iYWNrZW5kIjoiZGphbmdvLmNvbnRyaWIuYXV0aC5iYWNrZW5kcy5Nb2RlbEJhY2tlbmQiLCJfYXV0aF91c2VyX2hhc2giOiI5OTMxMDBjZTAzYzM4ZGJhZDEzY2EyZmYyZmY3ODNiNDU0YzFkM2U1In0=','2021-05-31 14:16:12.624000'),('1buy2k2ltrmy3hl2aukbso83wnoc82ls','YTc5MDM5ZTU4MWFlNjAyMzE4OTBhYTczNjQ0ZWMxYjJhZGYyNDg3Mzp7Il9hdXRoX3VzZXJfaWQiOiIxIiwiX2F1dGhfdXNlcl9iYWNrZW5kIjoiZGphbmdvLmNvbnRyaWIuYXV0aC5iYWNrZW5kcy5Nb2RlbEJhY2tlbmQiLCJfYXV0aF91c2VyX2hhc2giOiI5OTMxMDBjZTAzYzM4ZGJhZDEzY2EyZmYyZmY3ODNiNDU0YzFkM2U1In0=','2021-05-08 13:10:01.447000'),('1dd31xs4dx610224twfd033qq2hjmoho','YTc5MDM5ZTU4MWFlNjAyMzE4OTBhYTczNjQ0ZWMxYjJhZGYyNDg3Mzp7Il9hdXRoX3VzZXJfaWQiOiIxIiwiX2F1dGhfdXNlcl9iYWNrZW5kIjoiZGphbmdvLmNvbnRyaWIuYXV0aC5iYWNrZW5kcy5Nb2RlbEJhY2tlbmQiLCJfYXV0aF91c2VyX2hhc2giOiI5OTMxMDBjZTAzYzM4ZGJhZDEzY2EyZmYyZmY3ODNiNDU0YzFkM2U1In0=','2021-05-08 07:07:47.901000'),('1jfc8vcxgxzky53mox8uezwyaun2fcxj','YTc5MDM5ZTU4MWFlNjAyMzE4OTBhYTczNjQ0ZWMxYjJhZGYyNDg3Mzp7Il9hdXRoX3VzZXJfaWQiOiIxIiwiX2F1dGhfdXNlcl9iYWNrZW5kIjoiZGphbmdvLmNvbnRyaWIuYXV0aC5iYWNrZW5kcy5Nb2RlbEJhY2tlbmQiLCJfYXV0aF91c2VyX2hhc2giOiI5OTMxMDBjZTAzYzM4ZGJhZDEzY2EyZmYyZmY3ODNiNDU0YzFkM2U1In0=','2021-05-20 15:22:37.561000'),('21jy2yi74sj87p1v9g7wqcsgxvyq8ck3','YTc5MDM5ZTU4MWFlNjAyMzE4OTBhYTczNjQ0ZWMxYjJhZGYyNDg3Mzp7Il9hdXRoX3VzZXJfaWQiOiIxIiwiX2F1dGhfdXNlcl9iYWNrZW5kIjoiZGphbmdvLmNvbnRyaWIuYXV0aC5iYWNrZW5kcy5Nb2RlbEJhY2tlbmQiLCJfYXV0aF91c2VyX2hhc2giOiI5OTMxMDBjZTAzYzM4ZGJhZDEzY2EyZmYyZmY3ODNiNDU0YzFkM2U1In0=','2021-04-21 11:33:54.800000'),('2iid307r686t5c258re66f9hb63hyqx4','YTc5MDM5ZTU4MWFlNjAyMzE4OTBhYTczNjQ0ZWMxYjJhZGYyNDg3Mzp7Il9hdXRoX3VzZXJfaWQiOiIxIiwiX2F1dGhfdXNlcl9iYWNrZW5kIjoiZGphbmdvLmNvbnRyaWIuYXV0aC5iYWNrZW5kcy5Nb2RlbEJhY2tlbmQiLCJfYXV0aF91c2VyX2hhc2giOiI5OTMxMDBjZTAzYzM4ZGJhZDEzY2EyZmYyZmY3ODNiNDU0YzFkM2U1In0=','2021-04-10 11:51:20.361000'),('33v94cjx7jllyfxzksaezs3sdw9elg69','YTc5MDM5ZTU4MWFlNjAyMzE4OTBhYTczNjQ0ZWMxYjJhZGYyNDg3Mzp7Il9hdXRoX3VzZXJfaWQiOiIxIiwiX2F1dGhfdXNlcl9iYWNrZW5kIjoiZGphbmdvLmNvbnRyaWIuYXV0aC5iYWNrZW5kcy5Nb2RlbEJhY2tlbmQiLCJfYXV0aF91c2VyX2hhc2giOiI5OTMxMDBjZTAzYzM4ZGJhZDEzY2EyZmYyZmY3ODNiNDU0YzFkM2U1In0=','2021-05-08 07:06:29.329000'),('42szxssmj94b7lfxlal7c1ixdxeazpjk','YTc5MDM5ZTU4MWFlNjAyMzE4OTBhYTczNjQ0ZWMxYjJhZGYyNDg3Mzp7Il9hdXRoX3VzZXJfaWQiOiIxIiwiX2F1dGhfdXNlcl9iYWNrZW5kIjoiZGphbmdvLmNvbnRyaWIuYXV0aC5iYWNrZW5kcy5Nb2RlbEJhY2tlbmQiLCJfYXV0aF91c2VyX2hhc2giOiI5OTMxMDBjZTAzYzM4ZGJhZDEzY2EyZmYyZmY3ODNiNDU0YzFkM2U1In0=','2021-04-24 08:09:23.110000'),('4d14nxjv3ewq48e9vuv9z43pcj7e53ub','NTMyY2E1NmNjYjMyZTI4MTFlODZlYTVjNWE3NzA1MDBlYTMwM2M0MDp7fQ==','2021-04-25 14:14:26.630000'),('4jayojl4jumeecyrgpuikku9mtjz1glw','ODNlMTRhNThlNTA4MDkzZTY2NGE4NmNhMzFkNGE0MmRkOThiNmNiNjp7Il9hdXRoX3VzZXJfaWQiOiIyIiwiX2F1dGhfdXNlcl9iYWNrZW5kIjoiZGphbmdvLmNvbnRyaWIuYXV0aC5iYWNrZW5kcy5Nb2RlbEJhY2tlbmQiLCJfYXV0aF91c2VyX2hhc2giOiI0M2VlNTJhNThlMTQ0MGExMDY3MGY2ODFlOGEyN2QxY2E1MmQyOGJmIn0=','2021-04-28 02:06:17.304000'),('4pbce2wh6epy462x0jtqz44ytwv6kpy6','YTc5MDM5ZTU4MWFlNjAyMzE4OTBhYTczNjQ0ZWMxYjJhZGYyNDg3Mzp7Il9hdXRoX3VzZXJfaWQiOiIxIiwiX2F1dGhfdXNlcl9iYWNrZW5kIjoiZGphbmdvLmNvbnRyaWIuYXV0aC5iYWNrZW5kcy5Nb2RlbEJhY2tlbmQiLCJfYXV0aF91c2VyX2hhc2giOiI5OTMxMDBjZTAzYzM4ZGJhZDEzY2EyZmYyZmY3ODNiNDU0YzFkM2U1In0=','2021-05-08 08:04:24.875000'),('4yloa2dchdx1sw733694ufuvjqm6bj8y','YTc5MDM5ZTU4MWFlNjAyMzE4OTBhYTczNjQ0ZWMxYjJhZGYyNDg3Mzp7Il9hdXRoX3VzZXJfaWQiOiIxIiwiX2F1dGhfdXNlcl9iYWNrZW5kIjoiZGphbmdvLmNvbnRyaWIuYXV0aC5iYWNrZW5kcy5Nb2RlbEJhY2tlbmQiLCJfYXV0aF91c2VyX2hhc2giOiI5OTMxMDBjZTAzYzM4ZGJhZDEzY2EyZmYyZmY3ODNiNDU0YzFkM2U1In0=','2021-04-01 02:01:19.837000'),('5repco66mj3tr50z6xnb87zymkj2ukdw','NTMyY2E1NmNjYjMyZTI4MTFlODZlYTVjNWE3NzA1MDBlYTMwM2M0MDp7fQ==','2021-04-25 13:25:47.698000'),('6lptum0385ptqq3d5i3m48e0l721t8pg','YTc5MDM5ZTU4MWFlNjAyMzE4OTBhYTczNjQ0ZWMxYjJhZGYyNDg3Mzp7Il9hdXRoX3VzZXJfaWQiOiIxIiwiX2F1dGhfdXNlcl9iYWNrZW5kIjoiZGphbmdvLmNvbnRyaWIuYXV0aC5iYWNrZW5kcy5Nb2RlbEJhY2tlbmQiLCJfYXV0aF91c2VyX2hhc2giOiI5OTMxMDBjZTAzYzM4ZGJhZDEzY2EyZmYyZmY3ODNiNDU0YzFkM2U1In0=','2021-04-06 12:33:01.587000'),('6sxzitumphvm36q6jlzdt985yxm99w4b','YTc5MDM5ZTU4MWFlNjAyMzE4OTBhYTczNjQ0ZWMxYjJhZGYyNDg3Mzp7Il9hdXRoX3VzZXJfaWQiOiIxIiwiX2F1dGhfdXNlcl9iYWNrZW5kIjoiZGphbmdvLmNvbnRyaWIuYXV0aC5iYWNrZW5kcy5Nb2RlbEJhY2tlbmQiLCJfYXV0aF91c2VyX2hhc2giOiI5OTMxMDBjZTAzYzM4ZGJhZDEzY2EyZmYyZmY3ODNiNDU0YzFkM2U1In0=','2021-03-30 12:11:23.106000'),('72ixu0pvfehmb01lpuwhx96wff0n9xpj','YTc5MDM5ZTU4MWFlNjAyMzE4OTBhYTczNjQ0ZWMxYjJhZGYyNDg3Mzp7Il9hdXRoX3VzZXJfaWQiOiIxIiwiX2F1dGhfdXNlcl9iYWNrZW5kIjoiZGphbmdvLmNvbnRyaWIuYXV0aC5iYWNrZW5kcy5Nb2RlbEJhY2tlbmQiLCJfYXV0aF91c2VyX2hhc2giOiI5OTMxMDBjZTAzYzM4ZGJhZDEzY2EyZmYyZmY3ODNiNDU0YzFkM2U1In0=','2020-12-24 12:23:51.677000'),('83fxlb0py1i6pjbqh4i6qmel4ip5wsas','NTMyY2E1NmNjYjMyZTI4MTFlODZlYTVjNWE3NzA1MDBlYTMwM2M0MDp7fQ==','2021-04-25 13:51:29.312000'),('891mp617xu3ps7pbenz9qpwr386kad9f','YTc5MDM5ZTU4MWFlNjAyMzE4OTBhYTczNjQ0ZWMxYjJhZGYyNDg3Mzp7Il9hdXRoX3VzZXJfaWQiOiIxIiwiX2F1dGhfdXNlcl9iYWNrZW5kIjoiZGphbmdvLmNvbnRyaWIuYXV0aC5iYWNrZW5kcy5Nb2RlbEJhY2tlbmQiLCJfYXV0aF91c2VyX2hhc2giOiI5OTMxMDBjZTAzYzM4ZGJhZDEzY2EyZmYyZmY3ODNiNDU0YzFkM2U1In0=','2021-05-10 12:54:48.818000'),('avelgst1gkgj9hntovid6shbe9hsicgu','NTMyY2E1NmNjYjMyZTI4MTFlODZlYTVjNWE3NzA1MDBlYTMwM2M0MDp7fQ==','2021-04-25 13:44:26.113000'),('bqhp4mdb267wn5ug2r7pnbh11zfvv7mn','YTc5MDM5ZTU4MWFlNjAyMzE4OTBhYTczNjQ0ZWMxYjJhZGYyNDg3Mzp7Il9hdXRoX3VzZXJfaWQiOiIxIiwiX2F1dGhfdXNlcl9iYWNrZW5kIjoiZGphbmdvLmNvbnRyaWIuYXV0aC5iYWNrZW5kcy5Nb2RlbEJhY2tlbmQiLCJfYXV0aF91c2VyX2hhc2giOiI5OTMxMDBjZTAzYzM4ZGJhZDEzY2EyZmYyZmY3ODNiNDU0YzFkM2U1In0=','2021-05-02 13:37:54.150000'),('c4og3mrkopmg1ai23jr74bxnuf0v9ee1','YTc5MDM5ZTU4MWFlNjAyMzE4OTBhYTczNjQ0ZWMxYjJhZGYyNDg3Mzp7Il9hdXRoX3VzZXJfaWQiOiIxIiwiX2F1dGhfdXNlcl9iYWNrZW5kIjoiZGphbmdvLmNvbnRyaWIuYXV0aC5iYWNrZW5kcy5Nb2RlbEJhY2tlbmQiLCJfYXV0aF91c2VyX2hhc2giOiI5OTMxMDBjZTAzYzM4ZGJhZDEzY2EyZmYyZmY3ODNiNDU0YzFkM2U1In0=','2021-04-21 11:33:54.774000'),('ccqvl1wkjb9wf96kmwiu93lu18rlxm8w','YTc5MDM5ZTU4MWFlNjAyMzE4OTBhYTczNjQ0ZWMxYjJhZGYyNDg3Mzp7Il9hdXRoX3VzZXJfaWQiOiIxIiwiX2F1dGhfdXNlcl9iYWNrZW5kIjoiZGphbmdvLmNvbnRyaWIuYXV0aC5iYWNrZW5kcy5Nb2RlbEJhY2tlbmQiLCJfYXV0aF91c2VyX2hhc2giOiI5OTMxMDBjZTAzYzM4ZGJhZDEzY2EyZmYyZmY3ODNiNDU0YzFkM2U1In0=','2021-04-28 12:45:21.974000'),('cfa09wvakcmlfumwjmmi27gj6748l24d','YTc5MDM5ZTU4MWFlNjAyMzE4OTBhYTczNjQ0ZWMxYjJhZGYyNDg3Mzp7Il9hdXRoX3VzZXJfaWQiOiIxIiwiX2F1dGhfdXNlcl9iYWNrZW5kIjoiZGphbmdvLmNvbnRyaWIuYXV0aC5iYWNrZW5kcy5Nb2RlbEJhY2tlbmQiLCJfYXV0aF91c2VyX2hhc2giOiI5OTMxMDBjZTAzYzM4ZGJhZDEzY2EyZmYyZmY3ODNiNDU0YzFkM2U1In0=','2021-05-20 05:05:51.836000'),('couce248bvlhft1b4adgocynr5rz2igu','YTc5MDM5ZTU4MWFlNjAyMzE4OTBhYTczNjQ0ZWMxYjJhZGYyNDg3Mzp7Il9hdXRoX3VzZXJfaWQiOiIxIiwiX2F1dGhfdXNlcl9iYWNrZW5kIjoiZGphbmdvLmNvbnRyaWIuYXV0aC5iYWNrZW5kcy5Nb2RlbEJhY2tlbmQiLCJfYXV0aF91c2VyX2hhc2giOiI5OTMxMDBjZTAzYzM4ZGJhZDEzY2EyZmYyZmY3ODNiNDU0YzFkM2U1In0=','2021-05-19 01:58:40.420000'),('crsxyc58n0eao672ocxyy3dc6hra3kkw','YTc5MDM5ZTU4MWFlNjAyMzE4OTBhYTczNjQ0ZWMxYjJhZGYyNDg3Mzp7Il9hdXRoX3VzZXJfaWQiOiIxIiwiX2F1dGhfdXNlcl9iYWNrZW5kIjoiZGphbmdvLmNvbnRyaWIuYXV0aC5iYWNrZW5kcy5Nb2RlbEJhY2tlbmQiLCJfYXV0aF91c2VyX2hhc2giOiI5OTMxMDBjZTAzYzM4ZGJhZDEzY2EyZmYyZmY3ODNiNDU0YzFkM2U1In0=','2021-04-01 01:57:36.229000'),('ctrc9ghdnfq7wmhaka487ku060bl8chf','YTc5MDM5ZTU4MWFlNjAyMzE4OTBhYTczNjQ0ZWMxYjJhZGYyNDg3Mzp7Il9hdXRoX3VzZXJfaWQiOiIxIiwiX2F1dGhfdXNlcl9iYWNrZW5kIjoiZGphbmdvLmNvbnRyaWIuYXV0aC5iYWNrZW5kcy5Nb2RlbEJhY2tlbmQiLCJfYXV0aF91c2VyX2hhc2giOiI5OTMxMDBjZTAzYzM4ZGJhZDEzY2EyZmYyZmY3ODNiNDU0YzFkM2U1In0=','2021-05-10 04:53:11.140000'),('d9frcgncgvr6gbofa4ahi7aio419pf8y','NTMyY2E1NmNjYjMyZTI4MTFlODZlYTVjNWE3NzA1MDBlYTMwM2M0MDp7fQ==','2021-04-25 14:14:07.629000'),('dmc82dc41hpd3qtuxrtq64mzmsra7uey','NTMyY2E1NmNjYjMyZTI4MTFlODZlYTVjNWE3NzA1MDBlYTMwM2M0MDp7fQ==','2021-04-25 14:14:38.333000'),('egixkv0glr45eoahzl7yj5pv863gjrbl','YTc5MDM5ZTU4MWFlNjAyMzE4OTBhYTczNjQ0ZWMxYjJhZGYyNDg3Mzp7Il9hdXRoX3VzZXJfaWQiOiIxIiwiX2F1dGhfdXNlcl9iYWNrZW5kIjoiZGphbmdvLmNvbnRyaWIuYXV0aC5iYWNrZW5kcy5Nb2RlbEJhY2tlbmQiLCJfYXV0aF91c2VyX2hhc2giOiI5OTMxMDBjZTAzYzM4ZGJhZDEzY2EyZmYyZmY3ODNiNDU0YzFkM2U1In0=','2021-06-05 07:27:06.996000'),('g1ddr5tbiip42ogd6ziml3b8wqidn07u','YTc5MDM5ZTU4MWFlNjAyMzE4OTBhYTczNjQ0ZWMxYjJhZGYyNDg3Mzp7Il9hdXRoX3VzZXJfaWQiOiIxIiwiX2F1dGhfdXNlcl9iYWNrZW5kIjoiZGphbmdvLmNvbnRyaWIuYXV0aC5iYWNrZW5kcy5Nb2RlbEJhY2tlbmQiLCJfYXV0aF91c2VyX2hhc2giOiI5OTMxMDBjZTAzYzM4ZGJhZDEzY2EyZmYyZmY3ODNiNDU0YzFkM2U1In0=','2021-05-25 01:01:33.912000'),('i7rtb5ly1iin5nu3peheit4d6icf41ty','YTc5MDM5ZTU4MWFlNjAyMzE4OTBhYTczNjQ0ZWMxYjJhZGYyNDg3Mzp7Il9hdXRoX3VzZXJfaWQiOiIxIiwiX2F1dGhfdXNlcl9iYWNrZW5kIjoiZGphbmdvLmNvbnRyaWIuYXV0aC5iYWNrZW5kcy5Nb2RlbEJhY2tlbmQiLCJfYXV0aF91c2VyX2hhc2giOiI5OTMxMDBjZTAzYzM4ZGJhZDEzY2EyZmYyZmY3ODNiNDU0YzFkM2U1In0=','2021-04-01 12:40:18.717000'),('l5ul1fgmwvxi4jko6iso63wixmdm7hxr','YTc5MDM5ZTU4MWFlNjAyMzE4OTBhYTczNjQ0ZWMxYjJhZGYyNDg3Mzp7Il9hdXRoX3VzZXJfaWQiOiIxIiwiX2F1dGhfdXNlcl9iYWNrZW5kIjoiZGphbmdvLmNvbnRyaWIuYXV0aC5iYWNrZW5kcy5Nb2RlbEJhY2tlbmQiLCJfYXV0aF91c2VyX2hhc2giOiI5OTMxMDBjZTAzYzM4ZGJhZDEzY2EyZmYyZmY3ODNiNDU0YzFkM2U1In0=','2021-05-27 13:21:16.449000'),('l67cus6iik0ysfx88ax7o36geuxtscx5','YTc5MDM5ZTU4MWFlNjAyMzE4OTBhYTczNjQ0ZWMxYjJhZGYyNDg3Mzp7Il9hdXRoX3VzZXJfaWQiOiIxIiwiX2F1dGhfdXNlcl9iYWNrZW5kIjoiZGphbmdvLmNvbnRyaWIuYXV0aC5iYWNrZW5kcy5Nb2RlbEJhY2tlbmQiLCJfYXV0aF91c2VyX2hhc2giOiI5OTMxMDBjZTAzYzM4ZGJhZDEzY2EyZmYyZmY3ODNiNDU0YzFkM2U1In0=','2021-05-06 12:44:18.228000'),('lcnqs7x9ctn6wtoekxvkj3dogis6u3lq','YTc5MDM5ZTU4MWFlNjAyMzE4OTBhYTczNjQ0ZWMxYjJhZGYyNDg3Mzp7Il9hdXRoX3VzZXJfaWQiOiIxIiwiX2F1dGhfdXNlcl9iYWNrZW5kIjoiZGphbmdvLmNvbnRyaWIuYXV0aC5iYWNrZW5kcy5Nb2RlbEJhY2tlbmQiLCJfYXV0aF91c2VyX2hhc2giOiI5OTMxMDBjZTAzYzM4ZGJhZDEzY2EyZmYyZmY3ODNiNDU0YzFkM2U1In0=','2020-12-24 05:10:18.658000'),('lr7nnd7g44cno2151izwonmlff4dstdc','YTc5MDM5ZTU4MWFlNjAyMzE4OTBhYTczNjQ0ZWMxYjJhZGYyNDg3Mzp7Il9hdXRoX3VzZXJfaWQiOiIxIiwiX2F1dGhfdXNlcl9iYWNrZW5kIjoiZGphbmdvLmNvbnRyaWIuYXV0aC5iYWNrZW5kcy5Nb2RlbEJhY2tlbmQiLCJfYXV0aF91c2VyX2hhc2giOiI5OTMxMDBjZTAzYzM4ZGJhZDEzY2EyZmYyZmY3ODNiNDU0YzFkM2U1In0=','2021-05-10 05:48:14.517000'),('m6lgm7s52pdh1d2z1nq9fu8thsou8v4z','YTc5MDM5ZTU4MWFlNjAyMzE4OTBhYTczNjQ0ZWMxYjJhZGYyNDg3Mzp7Il9hdXRoX3VzZXJfaWQiOiIxIiwiX2F1dGhfdXNlcl9iYWNrZW5kIjoiZGphbmdvLmNvbnRyaWIuYXV0aC5iYWNrZW5kcy5Nb2RlbEJhY2tlbmQiLCJfYXV0aF91c2VyX2hhc2giOiI5OTMxMDBjZTAzYzM4ZGJhZDEzY2EyZmYyZmY3ODNiNDU0YzFkM2U1In0=','2021-05-20 05:05:02.870000'),('mi44le861yd8ntqaizxfv3gcpy2jcpr8','YTc5MDM5ZTU4MWFlNjAyMzE4OTBhYTczNjQ0ZWMxYjJhZGYyNDg3Mzp7Il9hdXRoX3VzZXJfaWQiOiIxIiwiX2F1dGhfdXNlcl9iYWNrZW5kIjoiZGphbmdvLmNvbnRyaWIuYXV0aC5iYWNrZW5kcy5Nb2RlbEJhY2tlbmQiLCJfYXV0aF91c2VyX2hhc2giOiI5OTMxMDBjZTAzYzM4ZGJhZDEzY2EyZmYyZmY3ODNiNDU0YzFkM2U1In0=','2021-05-09 12:06:02.747000'),('mmbmx5nzoegro6dek23m98zy9u3tc3f9','YTc5MDM5ZTU4MWFlNjAyMzE4OTBhYTczNjQ0ZWMxYjJhZGYyNDg3Mzp7Il9hdXRoX3VzZXJfaWQiOiIxIiwiX2F1dGhfdXNlcl9iYWNrZW5kIjoiZGphbmdvLmNvbnRyaWIuYXV0aC5iYWNrZW5kcy5Nb2RlbEJhY2tlbmQiLCJfYXV0aF91c2VyX2hhc2giOiI5OTMxMDBjZTAzYzM4ZGJhZDEzY2EyZmYyZmY3ODNiNDU0YzFkM2U1In0=','2021-05-12 08:37:22.948000'),('nl7g9k3pbeub4j6niubw43fqo6asrlbw','ZjIzOWZjNWU3NWExNmQ3ODE3ODVlMGM1MGExMGY0YTM1MzAyZjY3Yzp7Il9hdXRoX3VzZXJfaWQiOiIxIiwiX2F1dGhfdXNlcl9iYWNrZW5kIjoiZGphbmdvLmNvbnRyaWIuYXV0aC5iYWNrZW5kcy5Nb2RlbEJhY2tlbmQiLCJfYXV0aF91c2VyX2hhc2giOiI4NjFjNDE0NzZhYzJkNmY2ZDdmOWIwZTM4MGQ0YzRmNDNjNTgyNjFlIn0=','2021-06-08 02:20:13.758000'),('q4sz2slwm2ppa7t48kdzyck1srj5ldzo','YTc5MDM5ZTU4MWFlNjAyMzE4OTBhYTczNjQ0ZWMxYjJhZGYyNDg3Mzp7Il9hdXRoX3VzZXJfaWQiOiIxIiwiX2F1dGhfdXNlcl9iYWNrZW5kIjoiZGphbmdvLmNvbnRyaWIuYXV0aC5iYWNrZW5kcy5Nb2RlbEJhY2tlbmQiLCJfYXV0aF91c2VyX2hhc2giOiI5OTMxMDBjZTAzYzM4ZGJhZDEzY2EyZmYyZmY3ODNiNDU0YzFkM2U1In0=','2021-05-02 13:07:55.722000'),('rgzrs9xbbvq7esjow0xl8pbhrcubm57x','YTc5MDM5ZTU4MWFlNjAyMzE4OTBhYTczNjQ0ZWMxYjJhZGYyNDg3Mzp7Il9hdXRoX3VzZXJfaWQiOiIxIiwiX2F1dGhfdXNlcl9iYWNrZW5kIjoiZGphbmdvLmNvbnRyaWIuYXV0aC5iYWNrZW5kcy5Nb2RlbEJhY2tlbmQiLCJfYXV0aF91c2VyX2hhc2giOiI5OTMxMDBjZTAzYzM4ZGJhZDEzY2EyZmYyZmY3ODNiNDU0YzFkM2U1In0=','2021-05-06 13:05:56.413000'),('st3hcepx819ea4rgg9mujuc9n4h9uyi0','YTc5MDM5ZTU4MWFlNjAyMzE4OTBhYTczNjQ0ZWMxYjJhZGYyNDg3Mzp7Il9hdXRoX3VzZXJfaWQiOiIxIiwiX2F1dGhfdXNlcl9iYWNrZW5kIjoiZGphbmdvLmNvbnRyaWIuYXV0aC5iYWNrZW5kcy5Nb2RlbEJhY2tlbmQiLCJfYXV0aF91c2VyX2hhc2giOiI5OTMxMDBjZTAzYzM4ZGJhZDEzY2EyZmYyZmY3ODNiNDU0YzFkM2U1In0=','2021-05-10 05:53:50.083000'),('t96di0t392xpk546e5y5vnhb76ct5h60','NDExNzJhNTYzODViMmQwMTkxMzBjM2UwMmZiYTU0ZDg1MDFiZmNmYTp7InNlbmRfY29kZV90aW1lIjoxNjIxNzQxMzMyLCJfYXV0aF91c2VyX2lkIjoiMSIsIl9hdXRoX3VzZXJfYmFja2VuZCI6ImRqYW5nby5jb250cmliLmF1dGguYmFja2VuZHMuTW9kZWxCYWNrZW5kIiwiX2F1dGhfdXNlcl9oYXNoIjoiODYxYzQxNDc2YWMyZDZmNmQ3ZjliMGUzODBkNGM0ZjQzYzU4MjYxZSJ9','2021-06-06 03:42:42.943000'),('tpo0s6mkmtnea7vutfx2fuaomjypb6vv','YTc5MDM5ZTU4MWFlNjAyMzE4OTBhYTczNjQ0ZWMxYjJhZGYyNDg3Mzp7Il9hdXRoX3VzZXJfaWQiOiIxIiwiX2F1dGhfdXNlcl9iYWNrZW5kIjoiZGphbmdvLmNvbnRyaWIuYXV0aC5iYWNrZW5kcy5Nb2RlbEJhY2tlbmQiLCJfYXV0aF91c2VyX2hhc2giOiI5OTMxMDBjZTAzYzM4ZGJhZDEzY2EyZmYyZmY3ODNiNDU0YzFkM2U1In0=','2021-04-01 02:12:11.421000'),('uz0ywdecl4e2hbau9q380lvcwk2k18j4','YTc5MDM5ZTU4MWFlNjAyMzE4OTBhYTczNjQ0ZWMxYjJhZGYyNDg3Mzp7Il9hdXRoX3VzZXJfaWQiOiIxIiwiX2F1dGhfdXNlcl9iYWNrZW5kIjoiZGphbmdvLmNvbnRyaWIuYXV0aC5iYWNrZW5kcy5Nb2RlbEJhY2tlbmQiLCJfYXV0aF91c2VyX2hhc2giOiI5OTMxMDBjZTAzYzM4ZGJhZDEzY2EyZmYyZmY3ODNiNDU0YzFkM2U1In0=','2021-05-25 12:13:56.216000'),('vgcgt1sc8nc8nkl23t54zebe5h6f3e1t','YTc5MDM5ZTU4MWFlNjAyMzE4OTBhYTczNjQ0ZWMxYjJhZGYyNDg3Mzp7Il9hdXRoX3VzZXJfaWQiOiIxIiwiX2F1dGhfdXNlcl9iYWNrZW5kIjoiZGphbmdvLmNvbnRyaWIuYXV0aC5iYWNrZW5kcy5Nb2RlbEJhY2tlbmQiLCJfYXV0aF91c2VyX2hhc2giOiI5OTMxMDBjZTAzYzM4ZGJhZDEzY2EyZmYyZmY3ODNiNDU0YzFkM2U1In0=','2021-05-24 05:50:07.671000'),('vh96pq4xs5bnqlt81y6flp6nkjmt2r3h','YTc5MDM5ZTU4MWFlNjAyMzE4OTBhYTczNjQ0ZWMxYjJhZGYyNDg3Mzp7Il9hdXRoX3VzZXJfaWQiOiIxIiwiX2F1dGhfdXNlcl9iYWNrZW5kIjoiZGphbmdvLmNvbnRyaWIuYXV0aC5iYWNrZW5kcy5Nb2RlbEJhY2tlbmQiLCJfYXV0aF91c2VyX2hhc2giOiI5OTMxMDBjZTAzYzM4ZGJhZDEzY2EyZmYyZmY3ODNiNDU0YzFkM2U1In0=','2021-04-21 11:55:12.812000'),('vvm3s5zvkwmf8m54utjtmsmje655gkbz','YTc5MDM5ZTU4MWFlNjAyMzE4OTBhYTczNjQ0ZWMxYjJhZGYyNDg3Mzp7Il9hdXRoX3VzZXJfaWQiOiIxIiwiX2F1dGhfdXNlcl9iYWNrZW5kIjoiZGphbmdvLmNvbnRyaWIuYXV0aC5iYWNrZW5kcy5Nb2RlbEJhY2tlbmQiLCJfYXV0aF91c2VyX2hhc2giOiI5OTMxMDBjZTAzYzM4ZGJhZDEzY2EyZmYyZmY3ODNiNDU0YzFkM2U1In0=','2021-03-31 13:17:36.076000'),('w0le0xk8sj3rpsrfjopym4e1ib1hrqxt','YTc5MDM5ZTU4MWFlNjAyMzE4OTBhYTczNjQ0ZWMxYjJhZGYyNDg3Mzp7Il9hdXRoX3VzZXJfaWQiOiIxIiwiX2F1dGhfdXNlcl9iYWNrZW5kIjoiZGphbmdvLmNvbnRyaWIuYXV0aC5iYWNrZW5kcy5Nb2RlbEJhY2tlbmQiLCJfYXV0aF91c2VyX2hhc2giOiI5OTMxMDBjZTAzYzM4ZGJhZDEzY2EyZmYyZmY3ODNiNDU0YzFkM2U1In0=','2021-04-01 02:03:07.482000'),('wkz962crjwaf7nj1uxq2doioprpfk9em','NTMyY2E1NmNjYjMyZTI4MTFlODZlYTVjNWE3NzA1MDBlYTMwM2M0MDp7fQ==','2021-04-25 13:51:21.408000'),('wvz922nuvxqha5woj3l0dk1x34r6yiop','ZjIzOWZjNWU3NWExNmQ3ODE3ODVlMGM1MGExMGY0YTM1MzAyZjY3Yzp7Il9hdXRoX3VzZXJfaWQiOiIxIiwiX2F1dGhfdXNlcl9iYWNrZW5kIjoiZGphbmdvLmNvbnRyaWIuYXV0aC5iYWNrZW5kcy5Nb2RlbEJhY2tlbmQiLCJfYXV0aF91c2VyX2hhc2giOiI4NjFjNDE0NzZhYzJkNmY2ZDdmOWIwZTM4MGQ0YzRmNDNjNTgyNjFlIn0=','2021-06-09 07:39:45.865089'),('wzyenjg2rtw4q3v0i1zy6gqbzv9uil9e','YTc5MDM5ZTU4MWFlNjAyMzE4OTBhYTczNjQ0ZWMxYjJhZGYyNDg3Mzp7Il9hdXRoX3VzZXJfaWQiOiIxIiwiX2F1dGhfdXNlcl9iYWNrZW5kIjoiZGphbmdvLmNvbnRyaWIuYXV0aC5iYWNrZW5kcy5Nb2RlbEJhY2tlbmQiLCJfYXV0aF91c2VyX2hhc2giOiI5OTMxMDBjZTAzYzM4ZGJhZDEzY2EyZmYyZmY3ODNiNDU0YzFkM2U1In0=','2021-05-20 13:31:44.080000'),('x8vugomkob2etq8lyrfnc12kh9gazg3k','YTc5MDM5ZTU4MWFlNjAyMzE4OTBhYTczNjQ0ZWMxYjJhZGYyNDg3Mzp7Il9hdXRoX3VzZXJfaWQiOiIxIiwiX2F1dGhfdXNlcl9iYWNrZW5kIjoiZGphbmdvLmNvbnRyaWIuYXV0aC5iYWNrZW5kcy5Nb2RlbEJhY2tlbmQiLCJfYXV0aF91c2VyX2hhc2giOiI5OTMxMDBjZTAzYzM4ZGJhZDEzY2EyZmYyZmY3ODNiNDU0YzFkM2U1In0=','2021-05-02 13:03:11.925000'),('yv8fnm0mj8rrrq7ksxgj8k5ooo3lzkj4','YTc5MDM5ZTU4MWFlNjAyMzE4OTBhYTczNjQ0ZWMxYjJhZGYyNDg3Mzp7Il9hdXRoX3VzZXJfaWQiOiIxIiwiX2F1dGhfdXNlcl9iYWNrZW5kIjoiZGphbmdvLmNvbnRyaWIuYXV0aC5iYWNrZW5kcy5Nb2RlbEJhY2tlbmQiLCJfYXV0aF91c2VyX2hhc2giOiI5OTMxMDBjZTAzYzM4ZGJhZDEzY2EyZmYyZmY3ODNiNDU0YzFkM2U1In0=','2021-04-14 13:56:00.916000'),('yy9cq15jqbtbfps9wr4paf87rz6lwt6p','YTc5MDM5ZTU4MWFlNjAyMzE4OTBhYTczNjQ0ZWMxYjJhZGYyNDg3Mzp7Il9hdXRoX3VzZXJfaWQiOiIxIiwiX2F1dGhfdXNlcl9iYWNrZW5kIjoiZGphbmdvLmNvbnRyaWIuYXV0aC5iYWNrZW5kcy5Nb2RlbEJhY2tlbmQiLCJfYXV0aF91c2VyX2hhc2giOiI5OTMxMDBjZTAzYzM4ZGJhZDEzY2EyZmYyZmY3ODNiNDU0YzFkM2U1In0=','2021-05-08 13:18:02.825000');
/*!40000 ALTER TABLE `django_session` ENABLE KEYS */;
UNLOCK TABLES;

--
-- Table structure for table `likes_likecount`
--

DROP TABLE IF EXISTS `likes_likecount`;
/*!40101 SET @saved_cs_client     = @@character_set_client */;
/*!50503 SET character_set_client = utf8mb4 */;
CREATE TABLE `likes_likecount` (
  `id` int NOT NULL AUTO_INCREMENT,
  `object_id` int unsigned NOT NULL,
  `liked_num` int NOT NULL,
  `content_type_id` int NOT NULL,
  PRIMARY KEY (`id`),
  KEY `likes_likecount_content_type_id_a33eb91e_fk_django_co` (`content_type_id`),
  CONSTRAINT `likes_likecount_content_type_id_a33eb91e_fk_django_co` FOREIGN KEY (`content_type_id`) REFERENCES `django_content_type` (`id`)
) ENGINE=InnoDB AUTO_INCREMENT=92 DEFAULT CHARSET=utf8mb4 COLLATE=utf8mb4_unicode_ci;
/*!40101 SET character_set_client = @saved_cs_client */;

--
-- Dumping data for table `likes_likecount`
--

LOCK TABLES `likes_likecount` WRITE;
/*!40000 ALTER TABLE `likes_likecount` DISABLE KEYS */;
INSERT INTO `likes_likecount` VALUES (1,37,0,7),(2,158,1,12),(3,157,0,12),(4,156,0,12),(5,151,0,12),(6,149,0,12),(7,150,0,12),(8,137,0,12),(9,138,0,12),(10,139,0,12),(11,140,0,12),(12,141,0,12),(13,142,0,12),(14,143,0,12),(15,144,0,12),(16,134,0,12),(17,135,0,12),(18,136,0,12),(19,126,0,12),(20,127,0,12),(21,128,0,12),(22,129,0,12),(23,130,0,12),(24,132,0,12),(25,133,0,12),(26,125,0,12),(27,131,0,12),(28,121,0,12),(29,122,0,12),(30,123,0,12),(31,19,0,12),(32,36,1,7),(33,124,0,12),(34,159,0,12),(35,18,0,12),(36,17,0,12),(37,16,0,12),(38,15,0,12),(39,14,0,12),(40,13,0,12),(41,12,0,12),(42,11,0,12),(43,10,0,12),(44,9,0,12),(45,8,0,12),(46,7,0,12),(47,6,0,12),(48,5,0,12),(49,160,0,12),(50,162,0,12),(51,161,0,12),(52,163,0,12),(53,164,0,12),(54,166,0,12),(55,165,1,12),(56,167,0,12),(57,168,0,12),(58,169,0,12),(59,171,0,12),(60,170,0,12),(61,172,0,12),(62,174,0,12),(63,173,0,12),(64,175,0,12),(65,176,0,12),(66,179,0,12),(67,180,0,12),(68,181,0,12),(69,178,0,12),(70,177,0,12),(71,182,0,12),(72,183,0,12),(73,184,0,12),(74,185,0,12),(75,188,0,12),(76,189,0,12),(77,186,0,12),(78,187,0,12),(79,190,0,12),(80,191,0,12),(81,192,0,12),(82,193,0,12),(83,194,0,12),(84,195,0,12),(85,196,0,12),(86,197,0,12),(87,35,0,7),(88,4,0,12),(89,3,0,12),(90,2,0,12),(91,34,0,7);
/*!40000 ALTER TABLE `likes_likecount` ENABLE KEYS */;
UNLOCK TABLES;

--
-- Table structure for table `likes_likerecord`
--

DROP TABLE IF EXISTS `likes_likerecord`;
/*!40101 SET @saved_cs_client     = @@character_set_client */;
/*!50503 SET character_set_client = utf8mb4 */;
CREATE TABLE `likes_likerecord` (
  `id` int NOT NULL AUTO_INCREMENT,
  `object_id` int unsigned NOT NULL,
  `liked_time` datetime(6) NOT NULL,
  `content_type_id` int NOT NULL,
  `user_id` int NOT NULL,
  PRIMARY KEY (`id`),
  KEY `likes_likerecord_content_type_id_4e35de35_fk_django_co` (`content_type_id`),
  KEY `likes_likerecord_user_id_c85b88bd_fk_auth_user_id` (`user_id`),
  CONSTRAINT `likes_likerecord_content_type_id_4e35de35_fk_django_co` FOREIGN KEY (`content_type_id`) REFERENCES `django_content_type` (`id`),
  CONSTRAINT `likes_likerecord_user_id_c85b88bd_fk_auth_user_id` FOREIGN KEY (`user_id`) REFERENCES `auth_user` (`id`)
) ENGINE=InnoDB AUTO_INCREMENT=46 DEFAULT CHARSET=utf8mb4 COLLATE=utf8mb4_unicode_ci;
/*!40101 SET character_set_client = @saved_cs_client */;

--
-- Dumping data for table `likes_likerecord`
--

LOCK TABLES `likes_likerecord` WRITE;
/*!40000 ALTER TABLE `likes_likerecord` DISABLE KEYS */;
INSERT INTO `likes_likerecord` VALUES (10,36,'2021-05-11 01:03:06.437000',7,1),(40,158,'2021-05-11 12:14:14.649000',12,1),(45,165,'2021-05-17 13:32:50.173000',12,1);
/*!40000 ALTER TABLE `likes_likerecord` ENABLE KEYS */;
UNLOCK TABLES;

--
-- Table structure for table `my_cache_table`
--

DROP TABLE IF EXISTS `my_cache_table`;
/*!40101 SET @saved_cs_client     = @@character_set_client */;
/*!50503 SET character_set_client = utf8mb4 */;
CREATE TABLE `my_cache_table` (
  `cache_key` varchar(255) COLLATE utf8mb4_unicode_ci NOT NULL,
  `value` longtext COLLATE utf8mb4_unicode_ci NOT NULL,
  `expires` datetime(6) NOT NULL,
  PRIMARY KEY (`cache_key`),
  KEY `my_cache_table_expires` (`expires`)
) ENGINE=InnoDB DEFAULT CHARSET=utf8mb4 COLLATE=utf8mb4_unicode_ci;
/*!40101 SET character_set_client = @saved_cs_client */;

--
-- Dumping data for table `my_cache_table`
--

LOCK TABLES `my_cache_table` WRITE;
/*!40000 ALTER TABLE `my_cache_table` DISABLE KEYS */;
INSERT INTO `my_cache_table` VALUES (':1:hot_blogs_for_hebdomad','gASVYgoAAAAAAACMFmRqYW5nby5kYi5tb2RlbHMucXVlcnmUjAhRdWVyeVNldJSTlCmBlH2UKIwFbW9kZWyUjBZyZWFkX3N0YXRpc3RpY3MubW9kZWxzlIwKUmVhZERldGFpbJSTlIwDX2RilE6MBl9oaW50c5R9lIwFcXVlcnmUjBpkamFuZ28uZGIubW9kZWxzLnNxbC5xdWVyeZSMBVF1ZXJ5lJOUKYGUfZQoaAVoCIwOYWxpYXNfcmVmY291bnSUfZQojBpyZWFkX3N0YXRpc3RpY3NfcmVhZGRldGFpbJRLBIwTZGphbmdvX2NvbnRlbnRfdHlwZZRLAHWMCWFsaWFzX21hcJSMC2NvbGxlY3Rpb25zlIwLT3JkZXJlZERpY3SUk5QpUpQoaBSMI2RqYW5nby5kYi5tb2RlbHMuc3FsLmRhdGFzdHJ1Y3R1cmVzlIwJQmFzZVRhYmxllJOUKYGUfZQojAp0YWJsZV9uYW1llGgUjAt0YWJsZV9hbGlhc5RoFHViaBVoG4wESm9pbpSTlCmBlH2UKGggaBWMDHBhcmVudF9hbGlhc5RoFGghaBWMCWpvaW5fdHlwZZSMCklOTkVSIEpPSU6UjAlqb2luX2NvbHOUjA9jb250ZW50X3R5cGVfaWSUjAJpZJSGlIWUjApqb2luX2ZpZWxklIwXZGphbmdvLmRiLm1vZGVscy5maWVsZHOUjAtfbG9hZF9maWVsZJSTlIwPcmVhZF9zdGF0aXN0aWNzlGgHjAxjb250ZW50X3R5cGWUh5RSlIwIbnVsbGFibGWUiYwRZmlsdGVyZWRfcmVsYXRpb26UTnVidYwQZXh0ZXJuYWxfYWxpYXNlc5SPlIwJdGFibGVfbWFwlH2UKGgUXZRoFGFoFV2UaBVhdYwMZGVmYXVsdF9jb2xzlIiMEGRlZmF1bHRfb3JkZXJpbmeUiIwRc3RhbmRhcmRfb3JkZXJpbmeUiIwMdXNlZF9hbGlhc2VzlI+UjBBmaWx0ZXJfaXNfc3RpY2t5lImMCHN1YnF1ZXJ5lImMBnNlbGVjdJQpjAV3aGVyZZSMGmRqYW5nby5kYi5tb2RlbHMuc3FsLndoZXJllIwJV2hlcmVOb2RllJOUKYGUfZQojAhjaGlsZHJlbpRdlCiMJ2RqYW5nby5kYi5tb2RlbHMuZmllbGRzLnJlbGF0ZWRfbG9va3Vwc5SMDFJlbGF0ZWRFeGFjdJSTlCmBlH2UKIwDbGhzlIwcZGphbmdvLmRiLm1vZGVscy5leHByZXNzaW9uc5SMA0NvbJSTlCmBlH2UKIwRX2NvbnN0cnVjdG9yX2FyZ3OUaBRoNYaUfZSGlIwMb3V0cHV0X2ZpZWxklGg1jAVhbGlhc5RoFIwGdGFyZ2V0lGg1jBJjb250YWluc19hZ2dyZWdhdGWUiXVijANyaHOUSweMFGJpbGF0ZXJhbF90cmFuc2Zvcm1zlF2UaGCJdWKMGGRqYW5nby5kYi5tb2RlbHMubG9va3Vwc5SMEkdyZWF0ZXJUaGFuT3JFcXVhbJSTlCmBlH2UKGhTaFYpgZR9lChoWWgUaDFoMmgHjARkYXRllIeUUpSGlH2UhpRoXWhtaF5oFGhfaG1oYIl1YmhhjAhkYXRldGltZZSMBGRhdGWUk5RDBAflBROUhZRSlGhiXZRoYIl1YmhkjAhMZXNzVGhhbpSTlCmBlH2UKGhTaGloYWhzQwQH5QUalIWUUpRoYl2UaGCJdWJljAljb25uZWN0b3KUjANBTkSUjAduZWdhdGVklIloYIl1YowLd2hlcmVfY2xhc3OUaEmMCGdyb3VwX2J5lIiMCG9yZGVyX2J5lIwNLXJlYWRfbnVtX3N1bZSFlIwIbG93X21hcmuUSwCMCWhpZ2hfbWFya5RLBYwIZGlzdGluY3SUiYwPZGlzdGluY3RfZmllbGRzlCmMEXNlbGVjdF9mb3JfdXBkYXRllImMGHNlbGVjdF9mb3JfdXBkYXRlX25vd2FpdJSJjB1zZWxlY3RfZm9yX3VwZGF0ZV9za2lwX2xvY2tlZJSJjBRzZWxlY3RfZm9yX3VwZGF0ZV9vZpQpjA5zZWxlY3RfcmVsYXRlZJSJjAltYXhfZGVwdGiUSwWMDXZhbHVlc19zZWxlY3SUKYwMX2Fubm90YXRpb25zlGgZKVKUjAxyZWFkX251bV9zdW2UjBtkamFuZ28uZGIubW9kZWxzLmFnZ3JlZ2F0ZXOUjANTdW2Uk5QpgZR9lChoWYwIcmVhZF9udW2UhZR9lIaUjAZmaWx0ZXKUTowSc291cmNlX2V4cHJlc3Npb25zlF2UaFYpgZR9lChoWWgUaDFoMmgHaJuHlFKUhpR9lIaUaF1opWheaBRoX2iljBVfb3V0cHV0X2ZpZWxkX29yX25vbmWUaKVoYIl1YmGMBWV4dHJhlH2UjAppc19zdW1tYXJ5lIloXWildWJzjBZhbm5vdGF0aW9uX3NlbGVjdF9tYXNrlE6MGF9hbm5vdGF0aW9uX3NlbGVjdF9jYWNoZZROjApjb21iaW5hdG9ylE6MDmNvbWJpbmF0b3JfYWxslImMEGNvbWJpbmVkX3F1ZXJpZXOUKYwGX2V4dHJhlE6MEWV4dHJhX3NlbGVjdF9tYXNrlE6ME19leHRyYV9zZWxlY3RfY2FjaGWUTowMZXh0cmFfdGFibGVzlCmMDmV4dHJhX29yZGVyX2J5lCmMEGRlZmVycmVkX2xvYWRpbmeUKJGUiIaUjBNfZmlsdGVyZWRfcmVsYXRpb25zlH2UjA1leHBsYWluX3F1ZXJ5lImMDmV4cGxhaW5fZm9ybWF0lE6MD2V4cGxhaW5fb3B0aW9uc5R9lIwNX2xvb2t1cF9qb2luc5RdlGgUYYwKYmFzZV90YWJsZZRoFHVijA1fcmVzdWx0X2NhY2hllF2UKIwVZGphbmdvLmRiLm1vZGVscy5iYXNllIwObW9kZWxfdW5waWNrbGWUk5RoMmgHhpSFlFKUfZQojAZfc3RhdGWUaMWMCk1vZGVsU3RhdGWUk5QpgZR9lCiMBmFkZGluZ5SJjAJkYpSMB2RlZmF1bHSUdWJoK0szaGtoc0MEB+UFE5SFlFKUaJtLAYwPY29udGVudF90eXBlX2lklEsHjAlvYmplY3RfaWSUSyVolUsBjA9fZGphbmdvX3ZlcnNpb26UjAYyLjEuMTWUdWJox2gyaAeGlIWUUpR9lChozGjOKYGUfZQoaNGJaNJo03ViaCtLNGhraHNDBAflBRmUhZRSlGibSwFo10sHaNhLJWiVSwFo2YwGMi4xLjE1lHViZYwOX3N0aWNreV9maWx0ZXKUiYwKX2Zvcl93cml0ZZSJjBlfcHJlZmV0Y2hfcmVsYXRlZF9sb29rdXBzlCmMDl9wcmVmZXRjaF9kb25llImMFl9rbm93bl9yZWxhdGVkX29iamVjdHOUfZSMD19pdGVyYWJsZV9jbGFzc5RoAIwNTW9kZWxJdGVyYWJsZZSTlIwHX2ZpZWxkc5ROaNmMBjIuMS4xNZR1Yi4=','2021-05-26 08:39:32.000000');
/*!40000 ALTER TABLE `my_cache_table` ENABLE KEYS */;
UNLOCK TABLES;

--
-- Table structure for table `read_statistics_readdetail`
--

DROP TABLE IF EXISTS `read_statistics_readdetail`;
/*!40101 SET @saved_cs_client     = @@character_set_client */;
/*!50503 SET character_set_client = utf8mb4 */;
CREATE TABLE `read_statistics_readdetail` (
  `id` int NOT NULL AUTO_INCREMENT,
  `date` date NOT NULL,
  `read_num` int NOT NULL,
  `object_id` int unsigned NOT NULL,
  `content_type_id` int NOT NULL,
  PRIMARY KEY (`id`),
  KEY `read_statistics_read_content_type_id_589c7d92_fk_django_co` (`content_type_id`),
  CONSTRAINT `read_statistics_read_content_type_id_589c7d92_fk_django_co` FOREIGN KEY (`content_type_id`) REFERENCES `django_content_type` (`id`)
) ENGINE=InnoDB AUTO_INCREMENT=56 DEFAULT CHARSET=utf8mb4 COLLATE=utf8mb4_unicode_ci;
/*!40101 SET character_set_client = @saved_cs_client */;

--
-- Dumping data for table `read_statistics_readdetail`
--

LOCK TABLES `read_statistics_readdetail` WRITE;
/*!40000 ALTER TABLE `read_statistics_readdetail` DISABLE KEYS */;
INSERT INTO `read_statistics_readdetail` VALUES (1,'2021-03-27',4,36,7),(2,'2021-03-28',1,35,7),(3,'2021-03-28',1,36,7),(4,'2021-03-29',1,34,7),(5,'2021-03-29',1,33,7),(6,'2021-03-29',1,32,7),(7,'2021-03-29',1,31,7),(8,'2021-03-29',1,30,7),(9,'2021-03-29',1,29,7),(10,'2021-03-29',1,28,7),(11,'2021-03-29',1,27,7),(12,'2021-03-30',2,36,7),(13,'2021-03-30',1,35,7),(14,'2021-03-30',1,31,7),(15,'2021-04-05',1,36,7),(16,'2021-04-05',1,35,7),(17,'2021-04-10',1,36,7),(18,'2021-04-11',2,36,7),(19,'2021-04-11',1,35,7),(20,'2021-04-11',1,34,7),(21,'2021-04-13',2,35,7),(22,'2021-04-13',1,34,7),(23,'2021-04-13',1,33,7),(24,'2021-04-13',1,36,7),(25,'2021-04-14',2,34,7),(26,'2021-04-14',1,35,7),(27,'2021-04-14',1,36,7),(28,'2021-04-18',3,36,7),(29,'2021-04-22',2,36,7),(30,'2021-04-24',4,4,7),(31,'2021-04-24',2,36,7),(32,'2021-04-24',2,37,7),(33,'2021-04-25',1,4,7),(34,'2021-04-26',3,4,7),(35,'2021-04-26',1,5,7),(36,'2021-04-26',1,37,7),(37,'2021-04-28',2,37,7),(38,'2021-05-06',3,37,7),(39,'2021-05-06',2,36,7),(40,'2021-05-06',1,32,7),(41,'2021-05-08',1,37,7),(42,'2021-05-08',1,36,7),(43,'2021-05-09',1,34,7),(44,'2021-05-09',1,33,7),(45,'2021-05-09',1,36,7),(46,'2021-05-10',1,37,7),(47,'2021-05-10',1,36,7),(48,'2021-05-11',2,37,7),(49,'2021-05-11',1,36,7),(50,'2021-05-12',1,37,7),(51,'2021-05-19',1,37,7),(52,'2021-05-25',1,37,7),(53,'2021-05-26',1,37,7),(54,'2021-05-26',1,35,7),(55,'2021-05-26',1,34,7);
/*!40000 ALTER TABLE `read_statistics_readdetail` ENABLE KEYS */;
UNLOCK TABLES;

--
-- Table structure for table `read_statistics_readnum`
--

DROP TABLE IF EXISTS `read_statistics_readnum`;
/*!40101 SET @saved_cs_client     = @@character_set_client */;
/*!50503 SET character_set_client = utf8mb4 */;
CREATE TABLE `read_statistics_readnum` (
  `id` int NOT NULL AUTO_INCREMENT,
  `read_num` int NOT NULL,
  `object_id` int unsigned NOT NULL,
  `content_type_id` int NOT NULL,
  PRIMARY KEY (`id`),
  KEY `read_statistics_read_content_type_id_560f0f39_fk_django_co` (`content_type_id`),
  CONSTRAINT `read_statistics_read_content_type_id_560f0f39_fk_django_co` FOREIGN KEY (`content_type_id`) REFERENCES `django_content_type` (`id`)
) ENGINE=InnoDB AUTO_INCREMENT=17 DEFAULT CHARSET=utf8mb4 COLLATE=utf8mb4_unicode_ci;
/*!40101 SET character_set_client = @saved_cs_client */;

--
-- Dumping data for table `read_statistics_readnum`
--

LOCK TABLES `read_statistics_readnum` WRITE;
/*!40000 ALTER TABLE `read_statistics_readnum` DISABLE KEYS */;
INSERT INTO `read_statistics_readnum` VALUES (4,33,36,7),(5,3,32,7),(6,2,30,7),(7,8,35,7),(8,7,34,7),(9,3,33,7),(10,2,31,7),(11,1,29,7),(12,1,28,7),(13,1,27,7),(14,8,4,7),(15,16,37,7),(16,1,5,7);
/*!40000 ALTER TABLE `read_statistics_readnum` ENABLE KEYS */;
UNLOCK TABLES;

--
-- Table structure for table `user_profile`
--

DROP TABLE IF EXISTS `user_profile`;
/*!40101 SET @saved_cs_client     = @@character_set_client */;
/*!50503 SET character_set_client = utf8mb4 */;
CREATE TABLE `user_profile` (
  `id` int NOT NULL AUTO_INCREMENT,
  `nickname` varchar(20) COLLATE utf8mb4_unicode_ci NOT NULL,
  `user_id` int NOT NULL,
  PRIMARY KEY (`id`),
  UNIQUE KEY `user_id` (`user_id`),
  CONSTRAINT `user_profile_user_id_8fdce8e2_fk_auth_user_id` FOREIGN KEY (`user_id`) REFERENCES `auth_user` (`id`)
) ENGINE=InnoDB AUTO_INCREMENT=3 DEFAULT CHARSET=utf8mb4 COLLATE=utf8mb4_unicode_ci;
/*!40101 SET character_set_client = @saved_cs_client */;

--
-- Dumping data for table `user_profile`
--

LOCK TABLES `user_profile` WRITE;
/*!40000 ALTER TABLE `user_profile` DISABLE KEYS */;
INSERT INTO `user_profile` VALUES (1,'李小点',1),(2,'李小点',2);
/*!40000 ALTER TABLE `user_profile` ENABLE KEYS */;
UNLOCK TABLES;
/*!40103 SET TIME_ZONE=@OLD_TIME_ZONE */;

/*!40101 SET SQL_MODE=@OLD_SQL_MODE */;
/*!40014 SET FOREIGN_KEY_CHECKS=@OLD_FOREIGN_KEY_CHECKS */;
/*!40014 SET UNIQUE_CHECKS=@OLD_UNIQUE_CHECKS */;
/*!40101 SET CHARACTER_SET_CLIENT=@OLD_CHARACTER_SET_CLIENT */;
/*!40101 SET CHARACTER_SET_RESULTS=@OLD_CHARACTER_SET_RESULTS */;
/*!40101 SET COLLATION_CONNECTION=@OLD_COLLATION_CONNECTION */;
/*!40111 SET SQL_NOTES=@OLD_SQL_NOTES */;

-- Dump completed on 2021-05-30 16:41:51
